{
	"type": "minecraft:pig",
	"name": "entity.minecraft.pig",
	"name_color": "0xe569a6",
	"gui_scale": 1.0,
	"gui_x_offset": 0,
	"gui_y_offset": 0,
	"gui_z_offset": 0,
	"sim_cost": 128,
	"input": {
		"item": "hostilenetworks:empty_prediction"
	},
	"base_drop": {
		"item": "hostilenetworks:overworld_prediction"
	},
	"trivia": "hostilenetworks.trivia.pig",
	"fabricator_drops": [
		{
			"item": "minecraft:porkchop",
			"count": 16
		},
		{
			"optional": true,
			"item": "silentgear:sinew",
			"count": 2
		}
	]
}