{
	"type": "tconstruct:terracube",
	"name": "entity.tconstruct.terracube",
	"name_color": "0x9FA5AF",
	"gui_scale": 2,
	"gui_x_offset": 0,
	"gui_y_offset": 0,
	"gui_z_offset": 0,
	"sim_cost": 160,
	"input": {
		"item": "hostilenetworks:empty_prediction"
	},
	"base_drop": {
		"item": "hostilenetworks:overworld_prediction"
	},
	"trivia": "",
	"fabricator_drops": [
		{
			"item": "minecraft:clay_ball",
			"count": 16
		},
		{
			"item": "minecraft:clay",
			"count": 4
		}
	]
} 