{
  "type": "bonsaitrees3:sapling/byg/araucaria_sapling",
  "version": 3,
  "ref": {
    "a": {"block":"byg:araucaria_leaves","properties":{"distance":"1","persistent":"false"}},
    "b": {"block":"byg:araucaria_leaves","properties":{"distance":"2","persistent":"false"}},
    "c": {"block":"byg:araucaria_leaves","properties":{"distance":"3","persistent":"false"}},
    "d": {"block":"byg:araucaria_leaves","properties":{"distance":"4","persistent":"false"}},
    "e": {"block":"byg:araucaria_leaves","properties":{"distance":"5","persistent":"false"}},
    "f": {"block":"byg:pine_log","properties":{"axis":"y"}}
  },
  "shape": [
    [
      "            ",
      "    dcd     ",
      "            ",
      "            ",
      "            ",
      "            ",
      "            ",
      "            ",
      "            ",
      "            ",
      "            ",
      "            ",
      "            ",
      "            ",
      "            ",
      "            ",
      "            ",
      "            ",
      "            ",
      "            ",
      "            "
    ],
    [
      "            ",
      "  edcbccbcd ",
      "            ",
      "            ",
      "            ",
      "            ",
      "            ",
      "            ",
      "            ",
      "            ",
      "            ",
      "            ",
      "            ",
      "            ",
      "            ",
      "            ",
      "            ",
      "            ",
      "            ",
      "            ",
      "            "
    ],
    [
      "    c   b   ",
      " edcbabbabcd",
      "     f  f   ",
      "            ",
      "            ",
      "            ",
      "            ",
      "            ",
      "            ",
      "            ",
      "            ",
      "            ",
      "            ",
      "            ",
      "            ",
      "            ",
      "            ",
      "            ",
      "            ",
      "            ",
      "            "
    ],
    [
      "   cbb cbc  ",
      " dcbaabbabbc",
      "    ff      ",
      "        f   ",
      "            ",
      "            ",
      "            ",
      "            ",
      "       d    ",
      "      bc    ",
      "      a     ",
      "    d       ",
      "    cb      ",
      "     a      ",
      "            ",
      "            ",
      "            ",
      "            ",
      "            ",
      "            ",
      "            "
    ],
    [
      "  cbabbbabb ",
      " cbafaaafaab",
      "    f f f f ",
      "    f  fff  ",
      "    f   f   ",
      "        f   ",
      "        f   ",
      "            ",
      "            ",
      "      ab    ",
      "     afa    ",
      "            ",
      "    ba      ",
      "    afa     ",
      "            ",
      "            ",
      "            ",
      "            ",
      "            ",
      "            ",
      "            "
    ],
    [
      "   cbcccbc  ",
      "edcbabbbabbc",
      "            ",
      "        f   ",
      "            ",
      "     f      ",
      "     f f    ",
      "       f    ",
      "            ",
      "            ",
      "      a     ",
      "    a f     ",
      "        a   ",
      "     a      ",
      "     f      ",
      "     f      ",
      "            ",
      "            ",
      "            ",
      "            ",
      "            "
    ],
    [
      "    bccbb   ",
      "edcbabbaabcd",
      "    f   f   ",
      "      f     ",
      "      f     ",
      "      f     ",
      "      f     ",
      "      f     ",
      "      f     ",
      "      f     ",
      "   ba f     ",
      "   afaf ab  ",
      "     ffafa  ",
      "      ff    ",
      "      f     ",
      "      f     ",
      "      f     ",
      "      f     ",
      "      f     ",
      "      f     ",
      "      f     "
    ],
    [
      "   cbcbab   ",
      "dcbbabafabc ",
      "       f    ",
      "    f       ",
      "            ",
      "            ",
      "            ",
      "     f      ",
      "     f      ",
      "   d        ",
      "   cb    d  ",
      "    a   bc  ",
      "        a   ",
      "            ",
      "      a     ",
      "      f     ",
      "            ",
      "            ",
      "            ",
      "            ",
      "            "
    ],
    [
      "  bbabbb    ",
      "cbaafaaabc  ",
      "  f f f     ",
      "   fff      ",
      "    f       ",
      "    f       ",
      "    f       ",
      "    f       ",
      "            ",
      "            ",
      "            ",
      "            ",
      "            ",
      "     ba     ",
      "     afa    ",
      "            ",
      "            ",
      "            ",
      "            ",
      "            ",
      "            "
    ],
    [
      "   cbcc     ",
      " cbbabbbcd  ",
      "            ",
      "    f       ",
      "            ",
      "            ",
      "            ",
      "            ",
      "            ",
      "            ",
      "            ",
      "            ",
      "     d      ",
      "     cb     ",
      "      a     ",
      "            ",
      "            ",
      "            ",
      "            ",
      "            ",
      "            "
    ],
    [
      "    b       ",
      " dcbabccd   ",
      "    f       ",
      "            ",
      "            ",
      "            ",
      "            ",
      "            ",
      "            ",
      "            ",
      "            ",
      "            ",
      "            ",
      "            ",
      "            ",
      "            ",
      "            ",
      "            ",
      "            ",
      "            ",
      "            "
    ],
    [
      "            ",
      "  dcbcd     ",
      "            ",
      "            ",
      "            ",
      "            ",
      "            ",
      "            ",
      "            ",
      "            ",
      "            ",
      "            ",
      "            ",
      "            ",
      "            ",
      "            ",
      "            ",
      "            ",
      "            ",
      "            ",
      "            "
    ]
  ]
}
