{
  "type": "bonsaitrees3:sapling/byg/aspen_sapling",
  "version": 3,
  "ref": {
    "a": {"block":"byg:aspen_leaves","properties":{"distance":"1","persistent":"false"}},
    "b": {"block":"byg:aspen_leaves","properties":{"distance":"2","persistent":"false"}},
    "c": {"block":"byg:aspen_leaves","properties":{"distance":"3","persistent":"false"}},
    "d": {"block":"byg:aspen_log","properties":{"axis":"y"}},
    "e": {"block":"byg:aspen_leaves","properties":{"distance":"4","persistent":"false"}}
  },
  "shape": [
    [
      "      ",
      "      ",
      "      ",
      "      ",
      "      ",
      "      ",
      "      ",
      "  bc  ",
      " ec   ",
      "      ",
      "      ",
      "      ",
      "      ",
      "      ",
      "      ",
      "      "
    ],
    [
      "      ",
      "      ",
      "      ",
      "      ",
      "      ",
      "      ",
      "  b   ",
      "cbabc ",
      "  bb  ",
      "      ",
      "      ",
      "      ",
      "      ",
      "      ",
      "      ",
      "      "
    ],
    [
      "      ",
      "      ",
      "      ",
      "      ",
      "  c   ",
      "  b   ",
      " bab  ",
      "badab ",
      "c  ab ",
      "      ",
      "      ",
      "      ",
      "      ",
      "      ",
      "      ",
      "      "
    ],
    [
      "      ",
      "      ",
      "      ",
      "      ",
      "      ",
      "  c   ",
      "  b   ",
      " baab ",
      "cbada ",
      "      ",
      "      ",
      "      ",
      "      ",
      "      ",
      "      ",
      "      "
    ],
    [
      "      ",
      "   b  ",
      "   a  ",
      "   ab ",
      "  ba  ",
      "    a ",
      "      ",
      " c a  ",
      "  d b ",
      "  a   ",
      "      ",
      "   a  ",
      "      ",
      "      ",
      "      ",
      "      "
    ],
    [
      "   b  ",
      "   a  ",
      "  ada ",
      "  ad  ",
      "   da ",
      "  adda",
      "   da ",
      "   d  ",
      "  ad  ",
      "   da ",
      "   d  ",
      "   d  ",
      "   da ",
      "  ad  ",
      "   d  ",
      "   d  "
    ],
    [
      "      ",
      "      ",
      "   a  ",
      "  ba  ",
      "  c   ",
      "    a ",
      "      ",
      "   a  ",
      "      ",
      "      ",
      "   a  ",
      "  ada ",
      "   a  ",
      "      ",
      "      ",
      "      "
    ]
  ]
}
