{
  "type": "bonsaitrees3:sapling/byg/baobab_sapling",
  "version": 3,
  "ref": {
    "a": {"block":"byg:baobab_log","properties":{"axis":"y"}},
    "b": {"block":"byg:baobab_leaves","properties":{"distance":"2","persistent":"false"}},
    "c": {"block":"byg:baobab_leaves","properties":{"distance":"1","persistent":"false"}},
    "d": {"block":"byg:baobab_leaves","properties":{"distance":"3","persistent":"false"}},
    "e": {"block":"byg:baobab_leaves","properties":{"distance":"4","persistent":"false"}},
    "f": {"block":"byg:baobab_fruit_block","properties":{"age":"3"}},
    "g": {"block":"byg:baobab_fruit_block","properties":{"age":"0"}},
    "h": {"block":"byg:baobab_fruit_block","properties":{"age":"1"}},
    "i": {"block":"byg:baobab_fruit_block","properties":{"age":"2"}}
  },
  "shape": [
    [
      "                   ",
      "                   ",
      "                   ",
      "        ede        ",
      "         i         ",
      "                   ",
      "                   ",
      "                   ",
      "                   ",
      "                   ",
      "                   ",
      "                   ",
      "                   ",
      "                   ",
      "                   ",
      "                   ",
      "                   ",
      "                   ",
      "                   ",
      "                   ",
      "                   ",
      "                   ",
      "                   ",
      "                   ",
      "                   "
    ],
    [
      "                   ",
      "                   ",
      "         d         ",
      "       edbde       ",
      "                   ",
      "                   ",
      "                   ",
      "                   ",
      "                   ",
      "                   ",
      "                   ",
      "                   ",
      "                   ",
      "                   ",
      "                   ",
      "                   ",
      "                   ",
      "                   ",
      "                   ",
      "                   ",
      "                   ",
      "                   ",
      "                   ",
      "                   ",
      "                   "
    ],
    [
      "                   ",
      "                   ",
      "        dbd        ",
      "      edbcbdd      ",
      "           dbd     ",
      "            h      ",
      "                   ",
      "                   ",
      "           ede     ",
      "                   ",
      "                   ",
      "                   ",
      "                   ",
      "                   ",
      "                   ",
      "                   ",
      "                   ",
      "                   ",
      "                   ",
      "                   ",
      "                   ",
      "                   ",
      "                   ",
      "                   ",
      "                   "
    ],
    [
      "                   ",
      "                   ",
      "       dbcbd       ",
      "      dbcacbb ede  ",
      "      dbcacbcbd    ",
      "                   ",
      "                   ",
      "            d      ",
      "          edbde    ",
      "                   ",
      "                   ",
      "                   ",
      "                   ",
      "                   ",
      "                   ",
      "                   ",
      "                   ",
      "                   ",
      "                   ",
      "                   ",
      "                   ",
      "                   ",
      "                   ",
      "                   ",
      "                   "
    ],
    [
      "                   ",
      "                   ",
      "        dbd    d   ",
      "  ede dbbcbbcbdbde ",
      "     dbcccbcacb    ",
      "     g  a          ",
      "                   ",
      "           dbd     ",
      "         edbcbde   ",
      "                   ",
      "                   ",
      "                   ",
      "                   ",
      "                   ",
      "                   ",
      "                   ",
      "                   ",
      "                   ",
      "                   ",
      "                   ",
      "                   ",
      "                   ",
      "                   ",
      "                   ",
      "                   "
    ],
    [
      "                   ",
      "                   ",
      "   d     d    dbd  ",
      " edbddbcbbb bdbcbde",
      "    dbcacbcccbd    ",
      "        a aa       ",
      "                   ",
      "          dbcbd    ",
      "         dbcacbd   ",
      "     db            ",
      "                   ",
      "                   ",
      "                   ",
      "                   ",
      "                   ",
      "                   ",
      "                   ",
      "                   ",
      "                   ",
      "                   ",
      "                   ",
      "                   ",
      "                   ",
      "                   ",
      "                   "
    ],
    [
      "                   ",
      "                   ",
      "  dbd        dbcbd ",
      "edbcbddbdd  dbcacbd",
      "  d  bbcbdbbbd a  g",
      "                   ",
      "        aa         ",
      "         a bbd     ",
      "      b   cccbde   ",
      "    dbcbb  aa      ",
      "           a       ",
      "                   ",
      "                   ",
      "                   ",
      "                   ",
      "                   ",
      "                   ",
      "                   ",
      "                   ",
      "                   ",
      "                   ",
      "                   ",
      "          a        ",
      "         aa        ",
      "         aa        "
    ],
    [
      "                   ",
      "            ede    ",
      " dbcbd        dbd  ",
      "dbcacbb      dbcbde",
      "g  c ccbde d       ",
      "      a      aa    ",
      "         a         ",
      "         aa c      ",
      "     bcb aacbde    ",
      "    bcaccaa        ",
      "       a aaa       ",
      "         aaa       ",
      "         aa        ",
      "         aa        ",
      "        aaa        ",
      "        aaaa       ",
      "        aaaa       ",
      "        aaaa       ",
      "        aaaa       ",
      "        aaaa       ",
      "        aaaa       ",
      "        aaaa       ",
      "        aaaa       ",
      "        aaaa       ",
      "        aaaa       "
    ],
    [
      "             d     ",
      "           edbde   ",
      "  dbb          d   ",
      "edbcccb      edbde ",
      "  bcaacbd          ",
      "         a         ",
      "       a a aa      ",
      "       aaaaaa      ",
      "      bcaaaacb     ",
      "     bccaaaa       ",
      "        aaaa       ",
      "       aaaaa       ",
      "        aaaa       ",
      "        aaaa       ",
      "        aaaa       ",
      "        aaaa       ",
      "        aaaa       ",
      "        aaaa       ",
      "        aaaa       ",
      "        aaaa       ",
      "        aaaa       ",
      "        aaaa       ",
      "        aaaa       ",
      "        aaaaa      ",
      "       aaaaaa      "
    ],
    [
      "            dbd    ",
      "          edbcbde  ",
      "   ddbd            ",
      " edbbb   dbd  ede  ",
      "    c c     a  h   ",
      "          a a      ",
      "         aaa       ",
      "        aaaa       ",
      "        aaaa       ",
      "      bcaaaa       ",
      "        aaaa       ",
      "        aaaa       ",
      "        aaaa       ",
      "        aaaa       ",
      "        aaaa       ",
      "        aaaa       ",
      "        aaaa       ",
      "        aaaa       ",
      "        aaaa       ",
      "        aaaa       ",
      "        aaaa       ",
      "        aaaa       ",
      "        aaaa       ",
      "       aaaaa       ",
      "       aaaaaa      "
    ],
    [
      "           dbcbd   ",
      "     b    dbcacbd  ",
      "   dbcbd  b  a     ",
      "  edd   dbcbca     ",
      "     aa  b d       ",
      "                   ",
      "         a         ",
      "         aa        ",
      "         aac       ",
      "         aacb      ",
      "         aa        ",
      "         aa        ",
      "         aa        ",
      "         aa        ",
      "         aa        ",
      "         aa        ",
      "        aaa        ",
      "        aaa        ",
      "        aaaa       ",
      "        aaaa       ",
      "        aaaa       ",
      "        aaaa       ",
      "        aaaa       ",
      "        aaaa       ",
      "        aaaa       "
    ],
    [
      "            dbd    ",
      "    bcb   bdbcbde  ",
      "   bcacb bcb       ",
      "     a  bcacb      ",
      "        bca        ",
      "       a           ",
      "        a          ",
      "                   ",
      "          cb       ",
      "         cccbd     ",
      "                   ",
      "          a        ",
      "                   ",
      "                   ",
      "                   ",
      "                   ",
      "                   ",
      "                   ",
      "                   ",
      "                   ",
      "                   ",
      "          a        ",
      "         aa        ",
      "         aa        ",
      "         aa        "
    ],
    [
      "             d     ",
      "     b     edbde   ",
      "   dbcbd  b   g    ",
      "    f   dbcbd      ",
      "        bccb       ",
      "         a         ",
      "                   ",
      "                   ",
      "          bcb      ",
      "         bcacb     ",
      "          a        ",
      "                   ",
      "                   ",
      "                   ",
      "                   ",
      "                   ",
      "                   ",
      "                   ",
      "                   ",
      "                   ",
      "                   ",
      "                   ",
      "                   ",
      "                   ",
      "                   "
    ],
    [
      "                   ",
      "            ede    ",
      "    dbd            ",
      "         bbd       ",
      "       dbccbde     ",
      "        cac        ",
      "                   ",
      "                   ",
      "           b       ",
      "         dbcbd     ",
      "                   ",
      "                   ",
      "                   ",
      "                   ",
      "                   ",
      "                   ",
      "                   ",
      "                   ",
      "                   ",
      "                   ",
      "                   ",
      "                   ",
      "                   ",
      "                   ",
      "                   "
    ],
    [
      "                   ",
      "                   ",
      "                   ",
      "         bcb       ",
      "       dbcacbd     ",
      "        bccbd      ",
      "                   ",
      "                   ",
      "                   ",
      "          dbd      ",
      "                   ",
      "                   ",
      "                   ",
      "                   ",
      "                   ",
      "                   ",
      "                   ",
      "                   ",
      "                   ",
      "                   ",
      "                   ",
      "                   ",
      "                   ",
      "                   ",
      "                   "
    ],
    [
      "                   ",
      "                   ",
      "                   ",
      "          b        ",
      "       edbcbde     ",
      "          bd       ",
      "                   ",
      "                   ",
      "                   ",
      "                   ",
      "                   ",
      "                   ",
      "                   ",
      "                   ",
      "                   ",
      "                   ",
      "                   ",
      "                   ",
      "                   ",
      "                   ",
      "                   ",
      "                   ",
      "                   ",
      "                   ",
      "                   "
    ],
    [
      "                   ",
      "                   ",
      "                   ",
      "                   ",
      "        edbde      ",
      "         e         ",
      "                   ",
      "                   ",
      "                   ",
      "                   ",
      "                   ",
      "                   ",
      "                   ",
      "                   ",
      "                   ",
      "                   ",
      "                   ",
      "                   ",
      "                   ",
      "                   ",
      "                   ",
      "                   ",
      "                   ",
      "                   ",
      "                   "
    ],
    [
      "                   ",
      "                   ",
      "                   ",
      "                   ",
      "         ede       ",
      "           f       ",
      "                   ",
      "                   ",
      "                   ",
      "                   ",
      "                   ",
      "                   ",
      "                   ",
      "                   ",
      "                   ",
      "                   ",
      "                   ",
      "                   ",
      "                   ",
      "                   ",
      "                   ",
      "                   ",
      "                   ",
      "                   ",
      "                   "
    ]
  ]
}
