{
  "type": "bonsaitrees3:sapling/byg/blue_enchanted_sapling",
  "version": 3,
  "ref": {
    "a": {"block":"byg:blue_enchanted_leaves","properties":{"distance":"1","persistent":"false"}},
    "b": {"block":"byg:blue_enchanted_log","properties":{"axis":"y"}},
    "c": {"block":"byg:blue_enchanted_leaves","properties":{"distance":"2","persistent":"false"}},
    "d": {"block":"byg:blue_enchanted_leaves","properties":{"distance":"3","persistent":"false"}}
  },
  "shape": [
    [
      "            ",
      "            ",
      "            ",
      "            ",
      "            ",
      "            ",
      "            ",
      "            ",
      "     d d    ",
      "    dcaca   ",
      "   a caca   ",
      "   a d c    ",
      "            ",
      "            ",
      "            ",
      "            ",
      "            ",
      "            ",
      "            ",
      "            ",
      "            ",
      "            ",
      "            "
    ],
    [
      "            ",
      "            ",
      "            ",
      "            ",
      "            ",
      "            ",
      "            ",
      "      c c   ",
      "   c cacac  ",
      "  cacababa  ",
      "  abaababa  ",
      "  abacaaa   ",
      "   ac  a    ",
      "   a        ",
      "            ",
      "            ",
      "            ",
      "            ",
      "            ",
      "            ",
      "            ",
      "            ",
      "            "
    ],
    [
      "            ",
      "            ",
      "            ",
      "            ",
      "            ",
      "            ",
      "    c       ",
      "    c       ",
      "    ddcdcd  ",
      "   cdcacac  ",
      "   accaaac  ",
      "  caccaba   ",
      "  abacaba   ",
      "  abacca    ",
      "            ",
      "            ",
      "            ",
      "            ",
      "            ",
      "            ",
      "            ",
      "            ",
      "            "
    ],
    [
      "            ",
      "            ",
      "            ",
      "            ",
      "            ",
      "    c       ",
      "    ac      ",
      "   caccd    ",
      "   dccacddc ",
      "   dd   cca ",
      "  cc   ccca ",
      " dcc   aca  ",
      " caacdcaca  ",
      " caaccaba   ",
      "  abacca    ",
      "            ",
      "            ",
      "            ",
      "            ",
      "            ",
      "            ",
      "            ",
      "            "
    ],
    [
      "            ",
      "            ",
      "            ",
      "            ",
      "    c       ",
      "   cac      ",
      "   abacd    ",
      "   abaacd c ",
      "   caabaccac",
      "  cdcca  aba",
      " ca      aba",
      "dca     aba ",
      "cabacddcaba ",
      " abaaccab   ",
      "  aabaab    ",
      "    acca    ",
      "            ",
      "            ",
      "            ",
      "            ",
      "            ",
      "            ",
      "            "
    ],
    [
      "            ",
      "            ",
      "            ",
      "            ",
      "            ",
      "    c d  c  ",
      "    acddca  ",
      "   caacdca  ",
      "  ccabacc c ",
      " cacca d  a ",
      " aba      a ",
      " aba     a  ",
      " cacdc   a  ",
      "  accaa     ",
      "    abb     ",
      "     aa     ",
      "            ",
      "            ",
      "            ",
      "            ",
      "            ",
      "            ",
      "            "
    ],
    [
      "            ",
      "     c      ",
      "     a      ",
      "  c  a      ",
      "  a  ac  c  ",
      "  caaacdcac ",
      "   ccaccaba ",
      "   c accaba ",
      "   acaccaa  ",
      "  c abaca   ",
      "  ac aca    ",
      "  a  aa     ",
      "  cdca      ",
      "    ca      ",
      "    aba     ",
      "            ",
      "            ",
      "            ",
      "            ",
      "            ",
      "            ",
      "            ",
      "            "
    ],
    [
      "     c      ",
      "    cac     ",
      "  c aba     ",
      " ca aba     ",
      " abaaba     ",
      " cabbbaccc  ",
      " dcaabacaa  ",
      "  caabacaa  ",
      "  ababaaba  ",
      "  cabbaaba  ",
      "  acabab    ",
      "  acabba    ",
      "   caba     ",
      "    aba     ",
      "     ba     ",
      "     ba     ",
      "     b      ",
      "     b      ",
      "     b      ",
      "     b      ",
      "     b      ",
      "     b      ",
      "     b      "
    ],
    [
      "            ",
      "     c      ",
      "     a      ",
      "  c  a      ",
      "  acca  c   ",
      "  caaaccac  ",
      "   ccacaba  ",
      "   cabaaba  ",
      "  cacac a   ",
      " cacaaaca   ",
      " abaabaa    ",
      " abacaac    ",
      "  aaaacc    ",
      "   abaaa    ",
      "    aaba    ",
      "      a     ",
      "            ",
      "            ",
      "            ",
      "            ",
      "            ",
      "            ",
      "            "
    ],
    [
      "            ",
      "            ",
      "            ",
      "            ",
      "   dca      ",
      "   ccac c   ",
      "   cabaca   ",
      "    cacca   ",
      "    dcac    ",
      "  cccaba    ",
      "  aacaa     ",
      "  aacc c    ",
      "  aba  ac   ",
      "   aa aba   ",
      "      aa    ",
      "            ",
      "            ",
      "            ",
      "            ",
      "            ",
      "            ",
      "            ",
      "            "
    ],
    [
      "            ",
      "            ",
      "     c      ",
      "    cac     ",
      "    aba     ",
      "    aba     ",
      "     ac     ",
      "      cc    ",
      "   c caa    ",
      "  cacaba    ",
      "  abaca     ",
      "  aba       ",
      "       c    ",
      "       a    ",
      "            ",
      "            ",
      "            ",
      "            ",
      "            ",
      "            ",
      "            ",
      "            ",
      "            "
    ],
    [
      "            ",
      "            ",
      "            ",
      "     c      ",
      "     a      ",
      "     a      ",
      "       c    ",
      "      cac   ",
      "      aba   ",
      "   c  aa    ",
      "   a        ",
      "   a        ",
      "            ",
      "            ",
      "            ",
      "            ",
      "            ",
      "            ",
      "            ",
      "            ",
      "            ",
      "            ",
      "            "
    ],
    [
      "            ",
      "            ",
      "            ",
      "            ",
      "            ",
      "            ",
      "            ",
      "       c    ",
      "       a    ",
      "            ",
      "            ",
      "            ",
      "            ",
      "            ",
      "            ",
      "            ",
      "            ",
      "            ",
      "            ",
      "            ",
      "            ",
      "            ",
      "            "
    ]
  ]
}
