{
  "type": "bonsaitrees3:sapling/byg/blue_spruce_sapling",
  "version": 3,
  "ref": {
    "a": {"block":"byg:blue_spruce_leaves","properties":{"distance":"1","persistent":"false"}},
    "b": {"block":"minecraft:spruce_log","properties":{"axis":"y"}},
    "c": {"block":"byg:blue_spruce_leaves","properties":{"distance":"2","persistent":"false"}},
    "d": {"block":"byg:blue_spruce_leaves","properties":{"distance":"3","persistent":"false"}},
    "e": {"block":"byg:blue_spruce_leaves","properties":{"distance":"4","persistent":"false"}},
    "f": {"block":"byg:blue_spruce_leaves","properties":{"distance":"5","persistent":"false"}}
  },
  "shape": [
    [
      "       ",
      "       ",
      "       ",
      "       ",
      "       ",
      "       ",
      "       ",
      "       ",
      "       ",
      "       ",
      "   dd  ",
      "       ",
      "       ",
      "       ",
      "       "
    ],
    [
      "       ",
      "       ",
      "       ",
      "       ",
      "   c   ",
      "  dc   ",
      "  dc   ",
      "   cd  ",
      "  d    ",
      "  dcd  ",
      " ccccd ",
      "   c   ",
      "       ",
      "       ",
      "       "
    ],
    [
      "       ",
      "       ",
      "   a   ",
      "   a   ",
      "  cac  ",
      " dcacd ",
      "  cacd ",
      " dcacd ",
      "  cac  ",
      " ccacc ",
      "caaaacd",
      "  cacd ",
      "       ",
      "       ",
      "       "
    ],
    [
      "   c   ",
      "   a   ",
      "  aba  ",
      "  aba  ",
      "  abac ",
      "  abacd",
      " cabac ",
      " cabacd",
      "dcabacd",
      " aabaa ",
      "abbbbac",
      " aabacd",
      "   b   ",
      "   b   ",
      "   b   "
    ],
    [
      "       ",
      "       ",
      "   a   ",
      "   ac  ",
      "  cac  ",
      "  cacd ",
      " dcacde",
      "  cacc ",
      "e cacac",
      " ccaaba",
      "caaaaac",
      "d   c  ",
      "       ",
      "       ",
      "       "
    ],
    [
      "       ",
      "       ",
      "       ",
      "   c   ",
      "   cd  ",
      "    d  ",
      " e c e ",
      "  d d  ",
      "  dcdc ",
      "  dccac",
      " ccccc ",
      "     d ",
      "       ",
      "       ",
      "       "
    ],
    [
      "       ",
      "       ",
      "       ",
      "       ",
      "       ",
      "       ",
      "   d   ",
      "    e  ",
      "   d   ",
      "    dc ",
      "  dd   ",
      "   efe ",
      "       ",
      "       ",
      "       "
    ]
  ]
}
