{
  "type": "bonsaitrees3:sapling/byg/brown_birch_sapling",
  "version": 3,
  "ref": {
    "a": {"block":"minecraft:birch_log","properties":{"axis":"y"}},
    "b": {"block":"byg:brown_birch_leaves","properties":{"distance":"4","persistent":"false"}},
    "c": {"block":"byg:brown_birch_leaves","properties":{"distance":"2","persistent":"false"}},
    "d": {"block":"byg:brown_birch_leaves","properties":{"distance":"3","persistent":"false"}},
    "e": {"block":"byg:brown_birch_leaves","properties":{"distance":"1","persistent":"false"}},
    "f": {"block":"byg:brown_birch_leaves","properties":{"distance":"5","persistent":"false"}}
  },
  "shape": [
    [
      "       ",
      "       ",
      "       ",
      "       ",
      "       ",
      "  bd   ",
      "       ",
      "  b b  ",
      "    f  ",
      "       ",
      "       ",
      "   d   ",
      "       ",
      "       ",
      "       ",
      "       ",
      "       ",
      "       ",
      "       ",
      "       ",
      "       "
    ],
    [
      "       ",
      "       ",
      "       ",
      "  b    ",
      "    b  ",
      "   cdb ",
      "  b    ",
      "  dcd  ",
      " dc    ",
      "       ",
      "   dd  ",
      "   cd  ",
      "  d    ",
      "       ",
      "       ",
      "       ",
      "       ",
      "       ",
      "       ",
      "       ",
      "       "
    ],
    [
      "       ",
      "   b   ",
      " fb    ",
      "  dc b ",
      "       ",
      " dcec  ",
      "   e bf",
      "   e d ",
      "f eecd ",
      "   e   ",
      "bdc c  ",
      "   ecd ",
      "  ce   ",
      "   e   ",
      "       ",
      "       ",
      "       ",
      "       ",
      "       ",
      "       ",
      "       "
    ],
    [
      "   b   ",
      "   d   ",
      " bdcd  ",
      "  cecd ",
      "bd a   ",
      " ceae  ",
      "   ae  ",
      "dceaec ",
      "b aaecd",
      "   aa  ",
      " ceaecd",
      "  eae  ",
      "  eae  ",
      "   a   ",
      "   a   ",
      "  ea   ",
      "   a   ",
      "   a   ",
      "   a   ",
      "   a   ",
      "   a   "
    ],
    [
      "       ",
      "   b   ",
      "  b    ",
      "   c   ",
      "     b ",
      "   ecd ",
      "    c  ",
      " d     ",
      " cee d ",
      "   e   ",
      "bd e   ",
      " b ec  ",
      "   ecd ",
      "   a   ",
      "       ",
      "       ",
      "       ",
      "       ",
      "       ",
      "       ",
      "       "
    ],
    [
      "       ",
      "       ",
      "       ",
      "   db  ",
      "  b    ",
      "  dc   ",
      "       ",
      "  d    ",
      "  cc   ",
      "       ",
      " b cd  ",
      "  dc   ",
      "  b    ",
      "       ",
      "       ",
      "       ",
      "       ",
      "       ",
      "       ",
      "       ",
      "       "
    ],
    [
      "       ",
      "       ",
      "       ",
      "       ",
      "       ",
      "       ",
      "       ",
      "  b    ",
      "       ",
      "       ",
      "    b  ",
      "       ",
      "       ",
      "       ",
      "       ",
      "       ",
      "       ",
      "       ",
      "       ",
      "       ",
      "       "
    ]
  ]
}
