{
  "type": "bonsaitrees3:sapling/byg/brown_oak_sapling",
  "version": 3,
  "ref": {
    "a": {"block":"byg:brown_oak_leaves","properties":{"distance":"2","persistent":"false"}},
    "b": {"block":"byg:brown_oak_leaves","properties":{"distance":"1","persistent":"false"}},
    "c": {"block":"minecraft:oak_log","properties":{"axis":"y"}},
    "d": {"block":"byg:brown_oak_leaves","properties":{"distance":"3","persistent":"false"}}
  },
  "shape": [
    [
      "        a  ",
      "       aba ",
      "        a  ",
      "  bb       ",
      "           ",
      "  a    ad  ",
      "  ba  aba  ",
      "           ",
      "           ",
      "           ",
      "           ",
      "           "
    ],
    [
      "       ab  ",
      "       bcba",
      "  bb  bbba ",
      " bccb      ",
      "  bbbb     ",
      "  b a aba  ",
      " bcb abcba ",
      "  b    b   ",
      "           ",
      "           ",
      "           ",
      "           "
    ],
    [
      "      ab   ",
      "      bcb  ",
      "   b bccba ",
      "  bcbbbb   ",
      "  bcccb    ",
      "  bb  abba ",
      " bccbbbccb ",
      "  bbbbbb   ",
      "     b     ",
      "           ",
      "           ",
      "    c      "
    ],
    [
      "      aa   ",
      "      bb   ",
      " a   bcba  ",
      "   bbcbad  ",
      "   bbc     ",
      "   bbcbba  ",
      "  bcccccba ",
      "   bcccb   ",
      "   bcc     ",
      "    cc     ",
      "    cc     ",
      "    cc     "
    ],
    [
      "           ",
      "  a  abba  ",
      "abbbbbccb  ",
      " a bccbba  ",
      "    bcba   ",
      "     ba    ",
      "   bbb b   ",
      "   abcb    ",
      "   abb     ",
      "           ",
      "           ",
      "           "
    ],
    [
      "           ",
      " bbb  ab   ",
      "bcccbabcb  ",
      " bbccbab   ",
      "   bbba    ",
      "           ",
      "    bb     ",
      "  abccb    ",
      "   abb     ",
      "           ",
      "           ",
      "           "
    ],
    [
      "           ",
      "       a   ",
      "abbb  aba  ",
      " aabba a   ",
      "   a       ",
      "           ",
      "    b      ",
      "   bcb     ",
      "    b      ",
      "           ",
      "           ",
      "           "
    ],
    [
      "           ",
      "           ",
      " a     a   ",
      "  daa      ",
      "           ",
      "           ",
      "           ",
      "    ba     ",
      "           ",
      "           ",
      "           ",
      "           "
    ]
  ]
}
