{
  "type": "bonsaitrees3:sapling/byg/bulbis_anomaly",
  "version": 3,
  "ref": {
    "a": {"block":"byg:bulbis_shell","properties":{"down":"true","east":"true","north":"true","south":"true","up":"true","west":"true"}},
    "b": {"block":"byg:bulbis_wood","properties":{"axis":"y"}},
    "c": {"block":"byg:purple_shroomlight"}
  },
  "shape": [
    [
      "               ",
      "               ",
      "               ",
      "               ",
      "               ",
      "               ",
      "               ",
      "               ",
      "               ",
      "               ",
      "       b       ",
      "       b       ",
      "               ",
      "               ",
      "               ",
      "               ",
      "               ",
      "               ",
      "               ",
      "               ",
      "               ",
      "               ",
      "               ",
      "               ",
      "               "
    ],
    [
      "               ",
      "               ",
      "               ",
      "               ",
      "               ",
      "               ",
      "               ",
      "               ",
      "               ",
      "       b       ",
      "               ",
      "       b       ",
      "    b bbb b    ",
      "     b   b     ",
      "               ",
      "               ",
      "               ",
      "               ",
      "               ",
      "               ",
      "               ",
      "               ",
      "               ",
      "               ",
      "               "
    ],
    [
      "               ",
      "               ",
      "               ",
      "               ",
      "      aaa      ",
      "     aaaaa     ",
      "     aaaaa     ",
      "     aaaaa     ",
      "      aaa      ",
      "               ",
      "               ",
      "               ",
      "               ",
      "       b       ",
      "               ",
      "               ",
      "               ",
      "               ",
      "               ",
      "               ",
      "               ",
      "               ",
      "               ",
      "               ",
      "               "
    ],
    [
      "               ",
      "               ",
      "               ",
      "     aaaaa     ",
      "    aaaaaaa    ",
      "    aaaaaaa    ",
      "    aaa aaa    ",
      "    aaaaaaa    ",
      "    aaaaaaa    ",
      "     aaaaa     ",
      "               ",
      "               ",
      "               ",
      "               ",
      "      bbb      ",
      "     b b b     ",
      "               ",
      "               ",
      "               ",
      "               ",
      "               ",
      "               ",
      "               ",
      "               ",
      "               "
    ],
    [
      "               ",
      "               ",
      "     aaaaa     ",
      "    aaaaaaa    ",
      "   aaa ccaaa   ",
      "   aa   c aa   ",
      "   aa     aa   ",
      "   aac    aa   ",
      "   aaac  aaa   ",
      "    aaaaaaa    ",
      "     aaaaa     ",
      "               ",
      " b           b ",
      "               ",
      "               ",
      "               ",
      "       b       ",
      "      b b      ",
      "      b b      ",
      "      b        ",
      "               ",
      "               ",
      "               ",
      "               ",
      "               "
    ],
    [
      "               ",
      "      aaa      ",
      "    aaaaaaa    ",
      "   aaa  caaa   ",
      "   aac   caa   ",
      "  aac      aa  ",
      "  aa       aa  ",
      "  aa       aa  ",
      "   aac   caa   ",
      "   aaacc aaa   ",
      "    aaaaaaa    ",
      "      aaa      ",
      "      aa       ",
      " b    a      b ",
      "               ",
      "   b       b   ",
      "               ",
      "       b       ",
      "               ",
      "               ",
      "               ",
      "               ",
      "               ",
      "               ",
      "               "
    ],
    [
      "               ",
      "     aaaaa     ",
      "    aaaaaaa    ",
      "   aac    aa   ",
      "  aac      aa  ",
      "  aa       aa  ",
      "  aa       aa  ",
      "  aa       aa  ",
      "  aac     caa  ",
      "   aa    caa   ",
      "    aaa aaa    ",
      "     a  aa     ",
      " b           b ",
      "               ",
      "   b       b   ",
      "               ",
      "               ",
      "    b  b  b    ",
      "    b  b  b    ",
      "       b  b    ",
      "       b       ",
      "       b       ",
      "       b       ",
      "       b       ",
      "       b       "
    ],
    [
      "       a       ",
      "     aaaaa     ",
      "    aaa aaa    ",
      "   aac    aa   ",
      "  aa       aa  ",
      "  aa       aa  ",
      "  a         a  ",
      "  aa       aa  ",
      "  aa       aa  ",
      " b aa    caa b ",
      "b   a    aa   b",
      "bb   a   a   bb",
      " b   a   a   b ",
      "  b         b  ",
      "   b       b   ",
      "   b       b   ",
      "    b  b  b    ",
      "     bbbbb     ",
      "      bbb      ",
      "      bbb      ",
      "       b       ",
      "               ",
      "               ",
      "       b       ",
      "      bbb      "
    ],
    [
      "               ",
      "     aaaaa     ",
      "    aaaaaaa    ",
      "   aa     aa   ",
      "  aa       aa  ",
      "  aa       aa  ",
      "  aa       aa  ",
      "  aa       aa  ",
      "  aa       aa  ",
      "   aa     aa   ",
      "    aaaa aa    ",
      "     aa  a     ",
      " b           b ",
      "               ",
      "   b       b   ",
      "               ",
      "               ",
      "    b  b  b    ",
      "       b  b    ",
      "       b       ",
      "       b       ",
      "       b       ",
      "       b       ",
      "       b       ",
      "       b       "
    ],
    [
      "               ",
      "      aaa      ",
      "    aaaaaaa    ",
      "   aaa   aaa   ",
      "   aa    caa   ",
      "  aac     caa  ",
      "  aa       aa  ",
      "  aa       aa  ",
      "   aac    aa   ",
      "   aaacc aaa   ",
      "    aaaaaaa    ",
      "      aaa      ",
      "      aa       ",
      " b    a      b ",
      "               ",
      "   b       b   ",
      "               ",
      "       b       ",
      "               ",
      "               ",
      "               ",
      "               ",
      "               ",
      "               ",
      "               "
    ],
    [
      "               ",
      "               ",
      "     aaaaa     ",
      "    aaaaaaa    ",
      "   aaac caaa   ",
      "   aac   caa   ",
      "   aac    aa   ",
      "   aa     aa   ",
      "   aaac  aaa   ",
      "    aaaaaaa    ",
      "     aaaaa     ",
      "               ",
      " b           b ",
      "               ",
      "               ",
      "               ",
      "       b       ",
      "      b b      ",
      "      b b      ",
      "      b        ",
      "               ",
      "               ",
      "               ",
      "               ",
      "               "
    ],
    [
      "               ",
      "               ",
      "               ",
      "     aaaaa     ",
      "    aaaaaaa    ",
      "    aaaaaaa    ",
      "    aaa aaa    ",
      "    aaaaaaa    ",
      "    aaaaaaa    ",
      "     aaaaa     ",
      "               ",
      "               ",
      "               ",
      "               ",
      "      bbb      ",
      "     b b b     ",
      "               ",
      "               ",
      "               ",
      "               ",
      "               ",
      "               ",
      "               ",
      "               ",
      "               "
    ],
    [
      "               ",
      "               ",
      "               ",
      "               ",
      "      aaa      ",
      "     aaaaa     ",
      "     aaaaa     ",
      "     aaaaa     ",
      "      aaa      ",
      "               ",
      "               ",
      "               ",
      "               ",
      "       b       ",
      "               ",
      "               ",
      "               ",
      "               ",
      "               ",
      "               ",
      "               ",
      "               ",
      "               ",
      "               ",
      "               "
    ],
    [
      "               ",
      "               ",
      "               ",
      "               ",
      "               ",
      "               ",
      "               ",
      "               ",
      "               ",
      "       b       ",
      "               ",
      "       b       ",
      "    b bbb b    ",
      "     b   b     ",
      "               ",
      "               ",
      "               ",
      "               ",
      "               ",
      "               ",
      "               ",
      "               ",
      "               ",
      "               ",
      "               "
    ],
    [
      "               ",
      "               ",
      "               ",
      "               ",
      "               ",
      "               ",
      "               ",
      "               ",
      "               ",
      "               ",
      "       b       ",
      "       b       ",
      "               ",
      "               ",
      "               ",
      "               ",
      "               ",
      "               ",
      "               ",
      "               ",
      "               ",
      "               ",
      "               ",
      "               ",
      "               "
    ]
  ]
}
