{
  "type": "bonsaitrees3:sapling/byg/cypress_sapling",
  "version": 3,
  "ref": {
    "a": {"block":"byg:cypress_log","properties":{"axis":"y"}},
    "b": {"block":"byg:cypress_leaves","properties":{"distance":"3","persistent":"false"}},
    "c": {"block":"byg:cypress_leaves","properties":{"distance":"2","persistent":"false"}},
    "d": {"block":"byg:cypress_leaves","properties":{"distance":"5","persistent":"false"}},
    "e": {"block":"byg:cypress_leaves","properties":{"distance":"4","persistent":"false"}},
    "f": {"block":"byg:cypress_leaves","properties":{"distance":"6","persistent":"false"}},
    "g": {"block":"byg:cypress_leaves","properties":{"distance":"1","persistent":"false"}},
    "h": {"block":"byg:cypress_leaves","properties":{"distance":"7","persistent":"false"}}
  },
  "shape": [
    [
      "             ",
      "             ",
      "             ",
      "             ",
      "             ",
      "             ",
      "             ",
      "             ",
      "             ",
      "             ",
      "             ",
      "             ",
      "             ",
      "             ",
      "             ",
      "             ",
      "             ",
      "             ",
      "             ",
      "             ",
      "             ",
      "             ",
      "             ",
      "             ",
      "             ",
      "             ",
      "             ",
      "             ",
      "  fdeed      ",
      "             ",
      "             ",
      "             "
    ],
    [
      "      b      ",
      "     bcbe    ",
      "             ",
      "             ",
      "             ",
      "             ",
      "             ",
      "             ",
      "             ",
      "             ",
      "             ",
      "             ",
      "             ",
      "             ",
      "             ",
      "             ",
      "             ",
      "             ",
      "             ",
      "             ",
      "             ",
      "             ",
      "             ",
      "             ",
      "             ",
      "             ",
      "             ",
      "   bcb       ",
      " fdebbed     ",
      "             ",
      "             ",
      "             "
    ],
    [
      "    ebcbe    ",
      "  debcgcbe   ",
      "             ",
      "             ",
      "             ",
      "       bcb   ",
      "             ",
      "             ",
      "             ",
      "             ",
      "             ",
      "             ",
      "             ",
      "             ",
      "             ",
      "             ",
      "             ",
      "             ",
      "             ",
      "             ",
      "             ",
      "             ",
      "             ",
      "             ",
      "             ",
      "             ",
      "    c        ",
      "  bcgcb      ",
      " debccbe     ",
      "             ",
      "             ",
      "     a a     "
    ],
    [
      "  debcgcbe   ",
      " debcgagcbe  ",
      "             ",
      "             ",
      "       b b   ",
      "      bcgcb  ",
      "             ",
      "             ",
      "             ",
      "             ",
      "             ",
      "             ",
      "             ",
      "             ",
      "             ",
      "             ",
      "             ",
      "             ",
      "             ",
      "             ",
      "             ",
      "             ",
      "             ",
      "             ",
      "             ",
      "             ",
      "   cgc       ",
      "  cgagc      ",
      " ebcggcb     ",
      "             ",
      "      a      ",
      "             "
    ],
    [
      "  debccbedf  ",
      "fdebcggcbed  ",
      "     a       ",
      "             ",
      "       cgc   ",
      "      cgagc  ",
      "             ",
      "             ",
      "             ",
      "             ",
      "             ",
      "             ",
      "             ",
      "             ",
      "             ",
      "             ",
      "             ",
      "             ",
      "             ",
      "             ",
      "             ",
      "             ",
      "             ",
      "             ",
      "             ",
      "             ",
      "    cc       ",
      "  bcggg      ",
      " ebcgagc     ",
      "     aa      ",
      "             ",
      "             "
    ],
    [
      " fdebcbeddf  ",
      "fdebcgcbeedf ",
      "     a       ",
      "             ",
      "       cc    ",
      "      gggcb  ",
      "       aa    ",
      "       a     ",
      "             ",
      "             ",
      "             ",
      "             ",
      "             ",
      "             ",
      "             ",
      "             ",
      "             ",
      "             ",
      "             ",
      "             ",
      "             ",
      "             ",
      "             ",
      "             ",
      "             ",
      "             ",
      "             ",
      "   bcga      ",
      " debcga      ",
      "      a      ",
      "             ",
      "  a       a  "
    ],
    [
      " hfdebeeeed  ",
      "hfdebcbbbbedf",
      "             ",
      "      a      ",
      "      a      ",
      "      agcb   ",
      "   bcga      ",
      "      a      ",
      "      a      ",
      "      a      ",
      "      a      ",
      "      a      ",
      "      a      ",
      "      a      ",
      "      a      ",
      "      a      ",
      "      a      ",
      "      a      ",
      "      a      ",
      "      a      ",
      "      a      ",
      "      a      ",
      "      a      ",
      "      a      ",
      "      a      ",
      "      a      ",
      "      a      ",
      "      a      ",
      "  bcgaaa     ",
      "    aaaaa    ",
      "   a  a  a   ",
      "      a      "
    ],
    [
      "  fdeeebbbed ",
      "hfdebbbcccbed",
      "             ",
      "      a      ",
      "             ",
      "    c        ",
      "  bcggg      ",
      "     a       ",
      "     a       ",
      "             ",
      "             ",
      "             ",
      "             ",
      "             ",
      "             ",
      "             ",
      "             ",
      "             ",
      "             ",
      "             ",
      "             ",
      "             ",
      "             ",
      "             ",
      "             ",
      "       ccb   ",
      "             ",
      "      a      ",
      "      a      ",
      "      a      ",
      "             ",
      "  a       a  "
    ],
    [
      "  debebcccbe ",
      " debcbcgggcbe",
      "       aa    ",
      "     a       ",
      "             ",
      "   cgc       ",
      "  cgagc      ",
      "             ",
      "             ",
      "             ",
      "             ",
      "             ",
      "             ",
      "             ",
      "             ",
      "             ",
      "             ",
      "             ",
      "             ",
      "             ",
      "             ",
      "             ",
      "             ",
      "             ",
      "       cc    ",
      "      cggcb  ",
      "       ag    ",
      "       a     ",
      "             ",
      "      a      ",
      "             ",
      "             "
    ],
    [
      "   bcbebcgc  ",
      "  bcgcbcgagc ",
      "    a        ",
      "             ",
      "             ",
      "   bc        ",
      "  bcgcb      ",
      "             ",
      "             ",
      "             ",
      "             ",
      "             ",
      "             ",
      "             ",
      "             ",
      "             ",
      "             ",
      "             ",
      "             ",
      "             ",
      "             ",
      "             ",
      "             ",
      "             ",
      "       cgc   ",
      "      cgagc  ",
      "       ggc   ",
      "             ",
      "             ",
      "             ",
      "      a      ",
      "             "
    ],
    [
      "    bedeb    ",
      "   bcbebcgc  ",
      "             ",
      "             ",
      "             ",
      "             ",
      "   bcb       ",
      "             ",
      "             ",
      "             ",
      "             ",
      "             ",
      "             ",
      "             ",
      "             ",
      "             ",
      "             ",
      "             ",
      "             ",
      "             ",
      "             ",
      "             ",
      "             ",
      "             ",
      "        c    ",
      "      bcgcb  ",
      "        c    ",
      "             ",
      "             ",
      "             ",
      "             ",
      "     a a     "
    ],
    [
      "     df      ",
      "    bedeb    ",
      "             ",
      "             ",
      "             ",
      "             ",
      "             ",
      "             ",
      "             ",
      "             ",
      "             ",
      "             ",
      "             ",
      "             ",
      "             ",
      "             ",
      "             ",
      "             ",
      "             ",
      "             ",
      "             ",
      "             ",
      "             ",
      "             ",
      "             ",
      "       bcb   ",
      "             ",
      "             ",
      "             ",
      "             ",
      "             ",
      "             "
    ],
    [
      "             ",
      "     dfd     ",
      "             ",
      "             ",
      "             ",
      "             ",
      "             ",
      "             ",
      "             ",
      "             ",
      "             ",
      "             ",
      "             ",
      "             ",
      "             ",
      "             ",
      "             ",
      "             ",
      "             ",
      "             ",
      "             ",
      "             ",
      "             ",
      "             ",
      "             ",
      "             ",
      "             ",
      "             ",
      "             ",
      "             ",
      "             ",
      "             "
    ]
  ]
}
