{
  "type": "bonsaitrees3:sapling/byg/ebony_sapling",
  "version": 3,
  "ref": {
    "a": {"block":"byg:ebony_log","properties":{"axis":"y"}},
    "b": {"block":"byg:ebony_leaves","properties":{"distance":"1","persistent":"false"}},
    "c": {"block":"byg:ebony_leaves","properties":{"distance":"2","persistent":"false"}},
    "d": {"block":"byg:ebony_leaves","properties":{"distance":"3","persistent":"false"}},
    "e": {"block":"byg:ebony_leaves","properties":{"distance":"4","persistent":"false"}}
  },
  "shape": [
    [
      "               ",
      "               ",
      "      bc       ",
      "     d         ",
      "        d      ",
      "       dc      ",
      "    c  e       ",
      "               ",
      "               ",
      "               ",
      "               ",
      "               ",
      "               ",
      "               ",
      "               ",
      "               ",
      "               ",
      "               ",
      "               ",
      "               ",
      "               ",
      "               ",
      "               "
    ],
    [
      "               ",
      "      bc       ",
      "     babc      ",
      "     cbc e     ",
      "     d dc      ",
      "       cbc     ",
      "    bc  cd     ",
      "        d      ",
      "               ",
      "               ",
      "               ",
      "               ",
      "               ",
      "               ",
      "               ",
      "               ",
      "               ",
      "               ",
      "               ",
      "               ",
      "               ",
      "               ",
      "               "
    ],
    [
      "      cd       ",
      "     cb        ",
      "    d abc  e   ",
      "     cb cd  dc ",
      "        bcded  ",
      "    bccbabc    ",
      "   bab cb      ",
      "    b e        ",
      "               ",
      "       d       ",
      "     cb        ",
      "               ",
      "               ",
      "               ",
      "               ",
      "               ",
      "               ",
      "               ",
      "               ",
      "               ",
      "               ",
      "               ",
      "               "
    ],
    [
      "               ",
      "     dcd  de   ",
      "    cc c dcddc ",
      "    cba d   cbc",
      "        cb dcc ",
      "   cbc cbab d  ",
      "   babc cb     ",
      "   cbcd d c    ",
      "     d   cb    ",
      "    d bc dcd   ",
      "   ccbabc      ",
      "     cbc       ",
      "     d d       ",
      "               ",
      "               ",
      "               ",
      "               ",
      "               ",
      "               ",
      "               ",
      "               ",
      "               ",
      "               "
    ],
    [
      "               ",
      "    b     c    ",
      "   cbbc   b cb ",
      "    ba    bcbab",
      "    c    a cbb ",
      "     b      cc ",
      "    bab   c    ",
      "   d     cbc   ",
      "   d d ccbabc  ",
      "   cccbbccbc   ",
      "  cbbbab dc    ",
      "   cccb        ",
      "               ",
      "               ",
      "               ",
      "               ",
      "               ",
      "               ",
      "               ",
      "               ",
      "               ",
      "               ",
      "               "
    ],
    [
      "    bc         ",
      "   babc   b    ",
      "   babc  babc  ",
      "   cba  b abbb ",
      "     a   aabab ",
      "           cbc ",
      "   dc          ",
      "    bab  bc    ",
      "  dc  c  abc   ",
      "  cb  ba bcd   ",
      "  baa          ",
      "   b           ",
      "               ",
      "               ",
      "               ",
      "               ",
      "               ",
      "               ",
      "               ",
      "               ",
      "               ",
      "               ",
      "      a        "
    ],
    [
      "               ",
      "   cb     c    ",
      "   cbc cb bb   ",
      "    cbbbabaab  ",
      "    baa  a bbc ",
      "  cba a  abc   ",
      "         ab    ",
      "    baa a      ",
      "   d b   ab    ",
      "  dcbaaa  c    ",
      "   b           ",
      "   c           ",
      "   d           ",
      "               ",
      "               ",
      "               ",
      "               ",
      "               ",
      "               ",
      "      a        ",
      "      a        ",
      "     aa        ",
      "     aaa       "
    ],
    [
      "               ",
      "    c          ",
      "        c b    ",
      "       cb ab   ",
      "  cb      b    ",
      " bba     b d   ",
      " cb   a ab     ",
      "  c    aa de   ",
      "    ba  a c    ",
      "   d  aa       ",
      "   c  a        ",
      "      a        ",
      "     aa        ",
      "      a        ",
      "      a        ",
      "      a        ",
      "      a        ",
      "      a        ",
      "      a        ",
      "     aa        ",
      "     aaa       ",
      "    aaaa       ",
      "    aa a       "
    ],
    [
      "               ",
      "               ",
      "     c         ",
      "   ccbc c bc   ",
      " bcb     bab   ",
      "baba      b    ",
      "cba   a        ",
      "  bcb a   e    ",
      "    a aa  d    ",
      "    b aa       ",
      "   cbaaa       ",
      "     a         ",
      "               ",
      "               ",
      "               ",
      "               ",
      "               ",
      "               ",
      "               ",
      "               ",
      "               ",
      "     a         ",
      "     aa        "
    ],
    [
      "               ",
      "     c  c      ",
      "     bccbc     ",
      "    ba  bbc    ",
      " c c a  aabc   ",
      " bcbba  abc    ",
      "d bababa       ",
      "e c a  a  d    ",
      "   c ab  ccb   ",
      "    ba a bbc   ",
      "     b   c     ",
      "               ",
      "               ",
      "               ",
      "               ",
      "               ",
      "               ",
      "               ",
      "               ",
      "               ",
      "               ",
      "               ",
      "               "
    ],
    [
      "               ",
      "       cb      ",
      "    d  babc    ",
      "    cbc abcd   ",
      "        b c    ",
      "    b  a c     ",
      "   babc   d    ",
      "  cbaa    cb   ",
      "  cbab    bab  ",
      "        aaab   ",
      "         bb    ",
      "         c     ",
      "               ",
      "               ",
      "               ",
      "               ",
      "               ",
      "               ",
      "               ",
      "               ",
      "               ",
      "               ",
      "               "
    ],
    [
      "               ",
      "               ",
      "        b      ",
      "     c cbc     ",
      "   cb  cbcde   ",
      "   bab babc    ",
      "   c bc b      ",
      "   cba   dd    ",
      "  dcbb   ccb   ",
      "   d    bbb    ",
      "          c    ",
      "               ",
      "               ",
      "               ",
      "               ",
      "               ",
      "               ",
      "               ",
      "               ",
      "               ",
      "               ",
      "               ",
      "               "
    ],
    [
      "               ",
      "               ",
      "               ",
      "        bc     ",
      "    c cbabc    ",
      "   cbc cbc     ",
      "  edc d cde    ",
      "   dcb         ",
      "   d babcd     ",
      "     c  c      ",
      "        d      ",
      "               ",
      "               ",
      "               ",
      "               ",
      "               ",
      "               ",
      "               ",
      "               ",
      "               ",
      "               ",
      "               ",
      "               "
    ],
    [
      "               ",
      "               ",
      "               ",
      "               ",
      "    d  cb      ",
      "        c      ",
      "   ed    e     ",
      "   e  bcd      ",
      "     babc      ",
      "     cbc       ",
      "      c        ",
      "               ",
      "               ",
      "               ",
      "               ",
      "               ",
      "               ",
      "               ",
      "               ",
      "               ",
      "               ",
      "               ",
      "               "
    ],
    [
      "               ",
      "               ",
      "               ",
      "               ",
      "               ",
      "               ",
      "               ",
      "       d       ",
      "      b        ",
      "               ",
      "               ",
      "               ",
      "               ",
      "               ",
      "               ",
      "               ",
      "               ",
      "               ",
      "               ",
      "               ",
      "               ",
      "               ",
      "               "
    ]
  ]
}
