{
  "type": "bonsaitrees3:sapling/byg/embur_wart",
  "version": 3,
  "ref": {
    "a": {"block":"byg:embur_pedu","properties":{"axis":"y"}},
    "b": {"block":"byg:embur_gel_block"},
    "c": {"block":"byg:embur_gel_branch","properties":{"facing":"east","waterlogged":"false"}},
    "d": {"block":"byg:embur_gel_branch","properties":{"facing":"north","waterlogged":"false"}},
    "e": {"block":"byg:pollen_block"},
    "f": {"block":"byg:embur_gel_branch","properties":{"facing":"south","waterlogged":"false"}},
    "g": {"block":"byg:embur_gel_vines","properties":{"age":"24"}},
    "h": {"block":"byg:embur_gel_vines_plant"},
    "i": {"block":"byg:embur_gel_vines","properties":{"age":"8"}},
    "j": {"block":"byg:embur_gel_branch","properties":{"facing":"west","waterlogged":"false"}},
    "k": {"block":"byg:embur_gel_vines","properties":{"age":"21"}}
  },
  "shape": [
    [
      "       ",
      "       ",
      "       ",
      "       ",
      "       ",
      "       ",
      "       ",
      "  bbb  ",
      " b   b ",
      "       ",
      "       ",
      "       ",
      "       "
    ],
    [
      "       ",
      "       ",
      "       ",
      "       ",
      "       ",
      "       ",
      "  bbb  ",
      " b ee  ",
      "       ",
      "       ",
      "       ",
      "       ",
      "       "
    ],
    [
      "       ",
      "       ",
      " bbbbb ",
      "   b   ",
      "       ",
      "   b   ",
      "  bbb  ",
      " bea b ",
      "   a   ",
      "   c   ",
      "       ",
      "       ",
      "       "
    ],
    [
      "       ",
      "  bbb  ",
      "bb   bb",
      "     h ",
      "     i ",
      "       ",
      "  bbb  ",
      " b   b ",
      "  daf  ",
      " daa   ",
      "       ",
      "       ",
      "       "
    ],
    [
      "       ",
      " bbbbb ",
      "b  ee b",
      "       ",
      "       ",
      "       ",
      "       ",
      "  bbb  ",
      " bc  b ",
      "  af   ",
      "  a    ",
      "  af   ",
      "  a    "
    ],
    [
      "   b   ",
      " bbbbb ",
      "b  ae b",
      "b  ae b",
      "k  a   ",
      "   a   ",
      "   a   ",
      "  aa   ",
      " da    ",
      "  a    ",
      "       ",
      "       ",
      "       "
    ],
    [
      "       ",
      " bbbbb ",
      "b  e  b",
      "       ",
      "       ",
      "       ",
      "       ",
      "       ",
      "       ",
      "  j    ",
      "       ",
      "       ",
      "       "
    ],
    [
      "       ",
      "  bbb  ",
      "bb   bb",
      "     h ",
      "     h ",
      "     g ",
      "       ",
      "       ",
      "       ",
      "       ",
      "       ",
      "       ",
      "       "
    ],
    [
      "       ",
      "       ",
      " bbbbb ",
      "   b   ",
      "       ",
      "       ",
      "       ",
      "       ",
      "       ",
      "       ",
      "       ",
      "       ",
      "       "
    ]
  ]
}
