{
  "type": "bonsaitrees3:sapling/byg/ether_sapling",
  "version": 3,
  "ref": {
    "a": {"block":"byg:ether_leaves","properties":{"distance":"4","persistent":"false"}},
    "b": {"block":"byg:ether_leaves","properties":{"distance":"2","persistent":"false"}},
    "c": {"block":"byg:ether_leaves","properties":{"distance":"3","persistent":"false"}},
    "d": {"block":"byg:ether_bulbs_block","properties":{"age":"3"}},
    "e": {"block":"byg:ether_log","properties":{"axis":"y"}},
    "f": {"block":"byg:ether_leaves","properties":{"distance":"1","persistent":"false"}},
    "g": {"block":"byg:ether_bulbs_block","properties":{"age":"2"}},
    "h": {"block":"byg:ether_leaves","properties":{"distance":"5","persistent":"false"}},
    "i": {"block":"byg:ether_bulbs_block","properties":{"age":"0"}},
    "j": {"block":"byg:ether_bulbs_block","properties":{"age":"1"}}
  },
  "shape": [
    [
      "              ",
      "       f      ",
      "      bbc     ",
      "       b      ",
      "     c        ",
      "    aa        ",
      "    i         ",
      "              ",
      "              ",
      "              ",
      "              ",
      "              ",
      "              ",
      "              ",
      "              ",
      "              ",
      "              ",
      "              ",
      "              "
    ],
    [
      "       f      ",
      "      fef     ",
      "      ffbc    ",
      "    cbfff     ",
      "    bbbbb     ",
      "   accc c     ",
      "   a a        ",
      "     h        ",
      "     g        ",
      "              ",
      "              ",
      "              ",
      "              ",
      "              ",
      "              ",
      "              ",
      "              ",
      "              ",
      "              "
    ],
    [
      "       ff     ",
      "      feef    ",
      "    bfeffb    ",
      "   c feeefb   ",
      "   bfffffb    ",
      "    bb  b     ",
      "  bccca c     ",
      "  cb    a     ",
      "  a     d     ",
      "  g           ",
      "              ",
      "              ",
      "              ",
      "              ",
      "              ",
      "              ",
      "              ",
      "              ",
      "              "
    ],
    [
      "       f      ",
      "     bfef     ",
      "   cb fefbc   ",
      "    fffffbc   ",
      "  bfeefbbca   ",
      "   bffb  a    ",
      "  f   c  h    ",
      " c fbc        ",
      "   b a        ",
      "   c d f      ",
      "   g   b      ",
      "       c      ",
      "       j      ",
      "              ",
      "              ",
      "              ",
      "              ",
      "              ",
      "              "
    ],
    [
      "     a        ",
      "       fbc    ",
      "    fbbfb     ",
      "   fef  bca   ",
      "    f bc a    ",
      "  ffbb  ac    ",
      " fef c a ah   ",
      " bfef c       ",
      " c ff  f      ",
      " a    fef     ",
      " j     fb     ",
      "              ",
      "              ",
      "              ",
      "              ",
      "              ",
      "              ",
      "              ",
      "              "
    ],
    [
      "    ac        ",
      "     bfbc     ",
      "     bf bc    ",
      "    ffef ca   ",
      "  ffeff c c   ",
      " feef  a b    ",
      "  ff  ccc     ",
      " bfef b bc    ",
      " c feffff     ",
      "   fe feef    ",
      "      gff     ",
      "        b     ",
      "        c     ",
      "        i     ",
      "              ",
      "              ",
      "              ",
      "              ",
      "              "
    ],
    [
      "     bf       ",
      "     fef      ",
      "    bbfbfb    ",
      "   bfbfbfb    ",
      "   fefbcb bb  ",
      "  fffb  bf c  ",
      "       b bc   ",
      "   f ffff     ",
      "  cb feefb    ",
      "  j f fef     ",
      "    e  f      ",
      "    e         ",
      "              ",
      "     e        ",
      "     e        ",
      "     e        ",
      "              ",
      "              ",
      "              "
    ],
    [
      "      bf      ",
      "     bfef     ",
      "     c fefb   ",
      "    bbffefb   ",
      "   bfbfbffffb ",
      "      b fef c ",
      "    ffbbff  a ",
      "    fe fefb   ",
      "   bfefffb    ",
      "     eff  b   ",
      "    fe    c   ",
      "     e    a   ",
      "     e    g   ",
      "     e        ",
      "              ",
      "      e       ",
      "      e       ",
      "     ee       ",
      "     e        "
    ],
    [
      "              ",
      "       fb     ",
      "     bfeff    ",
      "     feff ffb ",
      "   cbfefffeefb",
      "    fbffeeef  ",
      "   fe bfeffb  ",
      "  bfe fee b   ",
      "   b   fefb a ",
      " a c f  e fb  ",
      "       e   c  ",
      "       e      ",
      "      e       ",
      "              ",
      "              ",
      "              ",
      "              ",
      "              ",
      "              "
    ],
    [
      "       c      ",
      "      cbff    ",
      "       feef   ",
      "    cbfbfffb  ",
      "    cbffffefb ",
      "   fbfeeeff c ",
      " bfef ff      ",
      "  ff   f fbc  ",
      " bffbc  fefbca",
      " cbb     fefb ",
      " a ca     f ca",
      " d a         h",
      "   d         j",
      "              ",
      "              ",
      "              ",
      "              ",
      "              ",
      "              "
    ],
    [
      "              ",
      "       cb     ",
      "      c ff    ",
      "     cb bb    ",
      "    acbfbbfb  ",
      "     bfefb    ",
      "  ff c fb c   ",
      " fefbc    bbc ",
      "bfeefb   fffb ",
      "g ffb  cbfeefb",
      "    c  a b fb ",
      "    i  g   b  ",
      "           c  ",
      "           g  ",
      "              ",
      "              ",
      "              ",
      "              ",
      "              "
    ],
    [
      "              ",
      "              ",
      "              ",
      "        c     ",
      "      cbcc    ",
      "    acbf ca   ",
      "     ac       ",
      "  f c a   bca ",
      " fef  d   fbca",
      " bf c   bfefbc",
      "  b     c f  a",
      "  g     a b   ",
      "        d     ",
      "              ",
      "              ",
      "              ",
      "              ",
      "              ",
      "              "
    ],
    [
      "              ",
      "              ",
      "              ",
      "              ",
      "              ",
      "      c       ",
      "      d       ",
      "         a a  ",
      "  fb    acbca ",
      "   c    c fbc ",
      "           c h",
      "             i",
      "              ",
      "              ",
      "              ",
      "              ",
      "              ",
      "              ",
      "              "
    ],
    [
      "              ",
      "              ",
      "              ",
      "              ",
      "              ",
      "              ",
      "              ",
      "              ",
      "         a a  ",
      "         cbca ",
      "         a a  ",
      "         i h  ",
      "           j  ",
      "              ",
      "              ",
      "              ",
      "              ",
      "              ",
      "              "
    ]
  ]
}
