{
  "type": "bonsaitrees3:sapling/byg/green_mushroom",
  "version": 3,
  "ref": {
    "a": {"block":"byg:white_mushroom_stem","properties":{"down":"true","east":"true","north":"true","south":"true","up":"true","west":"true"}},
    "b": {"block":"byg:green_mushroom_block","properties":{"down":"true","east":"true","north":"true","south":"true","up":"true","west":"true"}}
  },
  "shape": [
    [
      "           ",
      "           ",
      "           ",
      "           ",
      "           ",
      "     bbbbb ",
      "           ",
      "           ",
      "           ",
      "           ",
      "           ",
      "           ",
      "           ",
      "           "
    ],
    [
      "           ",
      "           ",
      "           ",
      "           ",
      "      bbb  ",
      "    bb   bb",
      "           ",
      "           ",
      "           ",
      "           ",
      "           ",
      "           ",
      "           ",
      "           "
    ],
    [
      "           ",
      "           ",
      "           ",
      "       b   ",
      "     bb bb ",
      "    b     b",
      "           ",
      "           ",
      "           ",
      "           ",
      "           ",
      "           ",
      "           ",
      "           "
    ],
    [
      "           ",
      "           ",
      "           ",
      "      bbb  ",
      "     b a b ",
      "    b  a  b",
      "       a   ",
      "           ",
      "           ",
      "           ",
      "           ",
      "           ",
      "           ",
      "           "
    ],
    [
      "           ",
      "           ",
      " bbbbb     ",
      "       b   ",
      "     bb bb ",
      "    b     b",
      "           ",
      "      a    ",
      "      a    ",
      "      a    ",
      "           ",
      "           ",
      "           ",
      "           "
    ],
    [
      "           ",
      "  bbb      ",
      "bb   bb    ",
      "           ",
      "      bbb  ",
      "    bb   bb",
      "           ",
      "           ",
      "           ",
      "           ",
      "     a     ",
      "           ",
      "           ",
      "           "
    ],
    [
      "   b       ",
      " bb bb     ",
      "b     b    ",
      "           ",
      "           ",
      "     bbbbb ",
      "           ",
      "    a      ",
      "    a      ",
      "    a      ",
      "    a      ",
      "    a      ",
      "    a      ",
      "    a      "
    ],
    [
      "  bbb      ",
      " b a b     ",
      "b  a  b    ",
      "   a       ",
      "   a       ",
      "   a       ",
      "   a       ",
      "   a       ",
      "           ",
      "           ",
      "           ",
      "           ",
      "           ",
      "           "
    ],
    [
      "   b       ",
      " bb bb     ",
      "b     b    ",
      "           ",
      "           ",
      "           ",
      "           ",
      "           ",
      "           ",
      "           ",
      "           ",
      "           ",
      "           ",
      "           "
    ],
    [
      "           ",
      "  bbb      ",
      "bb   bb    ",
      "           ",
      "           ",
      "           ",
      "           ",
      "           ",
      "           ",
      "           ",
      "           ",
      "           ",
      "           ",
      "           "
    ],
    [
      "           ",
      "           ",
      " bbbbb     ",
      "           ",
      "           ",
      "           ",
      "           ",
      "           ",
      "           ",
      "           ",
      "           ",
      "           ",
      "           ",
      "           "
    ]
  ]
}
