{
  "type": "bonsaitrees3:sapling/byg/green_enchanted_sapling",
  "version": 3,
  "ref": {
    "a": {"block":"byg:green_enchanted_leaves","properties":{"distance":"1","persistent":"false"}},
    "b": {"block":"byg:green_enchanted_log","properties":{"axis":"y"}},
    "c": {"block":"byg:green_enchanted_leaves","properties":{"distance":"2","persistent":"false"}}
  },
  "shape": [
    [
      "          ",
      "          ",
      "          ",
      "          ",
      "          ",
      "    a     ",
      "   ca     ",
      "    a     ",
      "    a     ",
      "          ",
      "          ",
      "          ",
      "          ",
      "          ",
      "          ",
      "          "
    ],
    [
      "          ",
      "          ",
      "          ",
      "          ",
      "    a     ",
      "   aba    ",
      "   abaac  ",
      "   ab a   ",
      "   ab a   ",
      "          ",
      "          ",
      "          ",
      "          ",
      "          ",
      "          ",
      "          "
    ],
    [
      "          ",
      "          ",
      "          ",
      "          ",
      "          ",
      "   aa a   ",
      "   aaaba  ",
      "    aaba  ",
      "    aaba  ",
      "    baa   ",
      "          ",
      "          ",
      "          ",
      "          ",
      "          ",
      "          "
    ],
    [
      "          ",
      "          ",
      "     a    ",
      "     a    ",
      "   a a  a ",
      "  ab ac a ",
      "  abaaaca ",
      "   abaaa  ",
      "    aaaa  ",
      "    abaa  ",
      "      ca  ",
      "          ",
      "          ",
      "          ",
      "          ",
      "          "
    ],
    [
      "          ",
      "    aa    ",
      "    aba   ",
      "    aba a ",
      " a cabaaba",
      " acaabaaba",
      " aca baaba",
      "  acababa ",
      "   aababa ",
      "   aababa ",
      "   cababa ",
      "     bb   ",
      "     b    ",
      "     b    ",
      "     b    ",
      "     b    "
    ],
    [
      "    a     ",
      "   aba    ",
      "   aba    ",
      " a aba    ",
      "abaaba  a ",
      "abaaba  a ",
      "abacaba a ",
      "  baabaa  ",
      "  ababaa  ",
      "  ababaa  ",
      "   abbaa  ",
      "          ",
      "          ",
      "          ",
      "          ",
      "          "
    ],
    [
      "          ",
      "    a     ",
      "    a     ",
      "    a a   ",
      " aaca a   ",
      " aaca a   ",
      " aaacaa   ",
      "  abaac   ",
      "   aca    ",
      "   aaba   ",
      "    aa    ",
      "          ",
      "          ",
      "          ",
      "          ",
      "          "
    ],
    [
      "          ",
      "          ",
      "      a   ",
      "  a  aba  ",
      " abacaba  ",
      " abacaba  ",
      " abacaba  ",
      "  ababa   ",
      "    aba   ",
      "          ",
      "          ",
      "          ",
      "          ",
      "          ",
      "          ",
      "          "
    ],
    [
      "          ",
      "          ",
      "          ",
      "      a   ",
      "  aacaa   ",
      "  abaaa   ",
      "  abaaa   ",
      "   aaba   ",
      "          ",
      "          ",
      "          ",
      "          ",
      "          ",
      "          ",
      "          ",
      "          "
    ],
    [
      "          ",
      "          ",
      "          ",
      "     a    ",
      "    aba   ",
      "   aaba   ",
      "   aaba   ",
      "          ",
      "          ",
      "          ",
      "          ",
      "          ",
      "          ",
      "          ",
      "          ",
      "          "
    ],
    [
      "          ",
      "          ",
      "          ",
      "          ",
      "     a    ",
      "     a    ",
      "     a    ",
      "          ",
      "          ",
      "          ",
      "          ",
      "          ",
      "          ",
      "          ",
      "          ",
      "          "
    ]
  ]
}
