{
  "type": "bonsaitrees3:sapling/byg/holly_sapling",
  "version": 3,
  "ref": {
    "a": {"block":"byg:holly_log","properties":{"axis":"y"}},
    "b": {"block":"byg:holly_leaves","properties":{"distance":"2","persistent":"false"}},
    "c": {"block":"byg:holly_leaves","properties":{"distance":"1","persistent":"false"}},
    "d": {"block":"byg:holly_berry_leaves","properties":{"distance":"2","persistent":"false"}},
    "e": {"block":"byg:holly_leaves","properties":{"distance":"3","persistent":"false"}},
    "f": {"block":"byg:holly_leaves","properties":{"distance":"4","persistent":"false"}},
    "g": {"block":"byg:holly_leaves","properties":{"distance":"5","persistent":"false"}},
    "h": {"block":"byg:holly_berry_leaves","properties":{"distance":"3","persistent":"false"}},
    "i": {"block":"byg:holly_berry_leaves","properties":{"distance":"1","persistent":"false"}},
    "j": {"block":"byg:holly_berry_leaves","properties":{"distance":"5","persistent":"false"}},
    "k": {"block":"byg:holly_berry_leaves","properties":{"distance":"4","persistent":"false"}}
  },
  "shape": [
    [
      "     ",
      "     ",
      "     ",
      "     ",
      "  e  ",
      " ed  ",
      "  be ",
      " eb  ",
      "  b  ",
      "  be ",
      " eb  ",
      "     ",
      "     ",
      "     ",
      "     ",
      "     ",
      "     ",
      "     ",
      "     ",
      "     "
    ],
    [
      "     ",
      "     ",
      "  f  ",
      " fef ",
      " eb  ",
      " bc f",
      "ebcbe",
      " bcb ",
      " bcbe",
      "ebcb ",
      " dcb ",
      "  c e",
      " dc  ",
      "     ",
      "     ",
      "     ",
      "     ",
      "     ",
      "     ",
      "     "
    ],
    [
      "  j  ",
      "  fg ",
      " kef ",
      " ebe ",
      "ebcb ",
      "bcac ",
      "diacb",
      "bcacb",
      "bcacb",
      "bcacb",
      "bcacb",
      " cacd",
      "  ac ",
      "  a  ",
      "  a  ",
      "  a  ",
      "  a  ",
      "  a  ",
      "  a  ",
      "  a  "
    ],
    [
      "     ",
      "     ",
      " g g ",
      "  e  ",
      "  b  ",
      " bcb ",
      " bcde",
      "hbcb ",
      " dcb ",
      " bcbe",
      "edcb ",
      "  c  ",
      "     ",
      "     ",
      "     ",
      "     ",
      "     ",
      "     ",
      "     ",
      "     "
    ],
    [
      "     ",
      "     ",
      "     ",
      "     ",
      "  e  ",
      "  b  ",
      " hb  ",
      "  be ",
      "  b  ",
      " eb  ",
      "  be ",
      "     ",
      "     ",
      "     ",
      "     ",
      "     ",
      "     ",
      "     ",
      "     ",
      "     "
    ]
  ]
}
