{
  "type": "bonsaitrees3:sapling/byg/jacaranda_sapling",
  "version": 3,
  "ref": {
    "a": {"block":"byg:flowering_jacaranda_leaves","properties":{"distance":"2","persistent":"false"}},
    "b": {"block":"byg:jacaranda_leaves","properties":{"distance":"3","persistent":"false"}},
    "c": {"block":"byg:jacaranda_leaves","properties":{"distance":"1","persistent":"false"}},
    "d": {"block":"byg:jacaranda_leaves","properties":{"distance":"2","persistent":"false"}},
    "e": {"block":"byg:jacaranda_log","properties":{"axis":"y"}},
    "f": {"block":"byg:jacaranda_leaves","properties":{"distance":"4","persistent":"false"}},
    "g": {"block":"byg:jacaranda_leaves","properties":{"distance":"5","persistent":"false"}},
    "h": {"block":"byg:flowering_jacaranda_leaves","properties":{"distance":"1","persistent":"false"}},
    "i": {"block":"byg:flowering_jacaranda_leaves","properties":{"distance":"3","persistent":"false"}},
    "j": {"block":"byg:jacaranda_leaves","properties":{"distance":"6","persistent":"false"}}
  },
  "shape": [
    [
      "             ",
      "             ",
      "             ",
      "       ca    ",
      "       d     ",
      "       i     ",
      "             ",
      "             ",
      "             ",
      "             "
    ],
    [
      "             ",
      "             ",
      "      cca    ",
      "      cec    ",
      "      dcd    ",
      "       ab    ",
      "       bf    ",
      "        g    ",
      "             ",
      "             "
    ],
    [
      "             ",
      "      cd     ",
      "    dhec     ",
      "      ccab   ",
      "       d f   ",
      "       b g   ",
      "             ",
      "             ",
      "             ",
      "             "
    ],
    [
      "             ",
      "    b c      ",
      "    dceca    ",
      "    bac b    ",
      "             ",
      "             ",
      "             ",
      "             ",
      "             ",
      "             "
    ],
    [
      "      c      ",
      "   b cecdb   ",
      "  d i cdb    ",
      " c b cec b   ",
      " a    h   f  ",
      "          g  ",
      "          j  ",
      "             ",
      "             ",
      "             "
    ],
    [
      "     iab     ",
      "   dcdhac    ",
      " cchddcddcc  ",
      "cecdcceccd d ",
      "dcd ddcd bi  ",
      "id           ",
      " b           ",
      " f           ",
      "             ",
      "             "
    ],
    [
      "    cacdha   ",
      "  hcececehc  ",
      " ceeccecheec ",
      " ccceeeeeccc ",
      "  daccehc aa ",
      "      ec  b  ",
      "      ec  f  ",
      "      eh     ",
      "      ee     ",
      "     eee     "
    ],
    [
      "     bdb     ",
      "    cdcdcd   ",
      "  hcdacddccc ",
      "   dccecc cec",
      "  bb dcd   ca",
      "   f  h    d ",
      "   g  h      ",
      "             ",
      "             ",
      "      e      "
    ],
    [
      "      c      ",
      "   baceca    ",
      "    bdcdbd   ",
      "   b cec   ca",
      "      c    d ",
      "           b ",
      "           f ",
      "             ",
      "             ",
      "             "
    ],
    [
      "    fb       ",
      "     dh b    ",
      "   bacec     ",
      "    b cdi    ",
      "      d f    ",
      "        g    ",
      "             ",
      "             ",
      "             ",
      "             "
    ],
    [
      "             ",
      "     dc      ",
      "     ceh     ",
      "     cc      ",
      "             ",
      "             ",
      "             ",
      "             ",
      "             ",
      "             "
    ],
    [
      "             ",
      "             ",
      "     hc      ",
      "    ceh      ",
      "    dc       ",
      "    b        ",
      "             ",
      "             ",
      "             ",
      "             "
    ],
    [
      "             ",
      "             ",
      "             ",
      "     h       ",
      "    b        ",
      "    f        ",
      "    g        ",
      "    j        ",
      "             ",
      "             "
    ]
  ]
}
