{
  "type": "bonsaitrees3:sapling/byg/joshua_sapling",
  "version": 3,
  "ref": {
    "a": {"block":"byg:joshua_leaves","properties":{"distance":"1","persistent":"false"}},
    "b": {"block":"minecraft:oak_log","properties":{"axis":"y"}}
  },
  "shape": [
    [
      "        ",
      "        ",
      "        ",
      "        ",
      "    a   ",
      "        ",
      "        ",
      "        ",
      "        ",
      "        "
    ],
    [
      "        ",
      "        ",
      "        ",
      "    a   ",
      "   aba  ",
      "        ",
      "        ",
      "        ",
      "        ",
      "        "
    ],
    [
      "        ",
      "        ",
      "    a a ",
      "  a b b ",
      " a  bbba",
      "    b   ",
      "        ",
      "        ",
      "        ",
      "        "
    ],
    [
      "        ",
      "        ",
      "  a  aa ",
      "  b     ",
      "abbb    ",
      "  ab    ",
      "    b   ",
      "    b   ",
      "    b   ",
      "    b   "
    ],
    [
      "    a   ",
      "   ab a ",
      "    bbba",
      "  a b   ",
      "    b   ",
      "    b   ",
      "        ",
      "        ",
      "        ",
      "        "
    ],
    [
      "        ",
      "    a   ",
      "      a ",
      "        ",
      "    b   ",
      "        ",
      "        ",
      "        ",
      "        ",
      "        "
    ],
    [
      "        ",
      "        ",
      "    a   ",
      "    b   ",
      "   abba ",
      "        ",
      "        ",
      "        ",
      "        ",
      "        "
    ],
    [
      "        ",
      "        ",
      "        ",
      "        ",
      "    a   ",
      "        ",
      "        ",
      "        ",
      "        ",
      "        "
    ]
  ]
}
