{
  "type": "bonsaitrees3:sapling/byg/mahogany_sapling",
  "version": 3,
  "ref": {
    "a": {"block":"byg:mahogany_leaves","properties":{"distance":"1","persistent":"false"}},
    "b": {"block":"byg:mahogany_leaves","properties":{"distance":"3","persistent":"false"}},
    "c": {"block":"byg:mahogany_leaves","properties":{"distance":"2","persistent":"false"}},
    "d": {"block":"byg:mahogany_leaves","properties":{"distance":"4","persistent":"false"}},
    "e": {"block":"byg:mahogany_log","properties":{"axis":"y"}},
    "f": {"block":"byg:mahogany_leaves","properties":{"distance":"5","persistent":"false"}},
    "g": {"block":"byg:mahogany_leaves","properties":{"distance":"6","persistent":"false"}}
  },
  "shape": [
    [
      "              ",
      "              ",
      "              ",
      "              ",
      "              ",
      "              ",
      "    dbcb      ",
      "              ",
      "              ",
      "              ",
      "              "
    ],
    [
      "              ",
      "              ",
      "              ",
      "              ",
      "              ",
      "              ",
      "   dbcacbd    ",
      "              ",
      "              ",
      "              ",
      "              "
    ],
    [
      "              ",
      "              ",
      "              ",
      "       dbd    ",
      "              ",
      "     cac      ",
      " fdbcaeacbdf  ",
      "              ",
      "              ",
      "              ",
      "              "
    ],
    [
      "              ",
      "              ",
      "     bdd      ",
      "      dbcbd   ",
      "              ",
      "   dbcacb     ",
      "gfdbcaeacbdd  ",
      "              ",
      "              ",
      "              ",
      "              "
    ],
    [
      "     d        ",
      "    cbd       ",
      "   cacbbc     ",
      "       cacbd  ",
      "              ",
      "   bcacacb    ",
      "fdbcaeaeacbbd ",
      "      e       ",
      "              ",
      "              ",
      "              "
    ],
    [
      "    cbd       ",
      "    acb       ",
      "  caeaccac    ",
      "    e caeacb  ",
      "        e     ",
      "  bcbccaacb   ",
      "dbcacacacaccbd",
      "              ",
      "      e       ",
      "              ",
      "              "
    ],
    [
      "     d  d     ",
      "   bcbcbbd    ",
      "  bcacaccbd   ",
      "      acacbdf ",
      "     e        ",
      "  cacaaeaacc  ",
      "bcaeacaaaeaacb",
      "              ",
      "              ",
      "      e       ",
      "              "
    ],
    [
      "       b      ",
      "    bcacbd    ",
      "  dbcaeacbd   ",
      "    caeac  f  ",
      "      e       ",
      "  accaeaccaa  ",
      "caeacaeacaeeac",
      "   e  e  e    ",
      "    e e e     ",
      "     eee      ",
      "      e       "
    ],
    [
      "      bdb     ",
      "     bcbcb    ",
      "   bccacacb   ",
      "  bcaca  b    ",
      "       e      ",
      "   aaeaacac   ",
      " caeaaacaeaacb",
      "              ",
      "              ",
      "      e       ",
      "              "
    ],
    [
      "       b      ",
      "     bbcac    ",
      "    accaeac   ",
      " bcaeac e     ",
      "    e         ",
      "    aaccbcb   ",
      " bcacacacaccb ",
      "              ",
      "      e       ",
      "              ",
      "              "
    ],
    [
      "              ",
      "      dbc     ",
      "     bbcac    ",
      "  bcac        ",
      "              ",
      "    cacac     ",
      "  bcaeaeacbbd ",
      "      e       ",
      "              ",
      "              ",
      "              "
    ],
    [
      "              ",
      "              ",
      "      dbc     ",
      "  dbcb        ",
      "              ",
      "     c c      ",
      "   bcaeacbdd  ",
      "              ",
      "              ",
      "              ",
      "              "
    ],
    [
      "              ",
      "              ",
      "              ",
      "   db         ",
      "              ",
      "              ",
      "   dbcacbd    ",
      "              ",
      "              ",
      "              ",
      "              "
    ],
    [
      "              ",
      "              ",
      "              ",
      "              ",
      "              ",
      "              ",
      "    dbcb      ",
      "              ",
      "              ",
      "              ",
      "              "
    ]
  ]
}
