{
  "type": "bonsaitrees3:sapling/byg/maple_sapling",
  "version": 3,
  "ref": {
    "a": {"block":"byg:maple_leaves","properties":{"distance":"2","persistent":"false"}},
    "b": {"block":"byg:maple_leaves","properties":{"distance":"1","persistent":"false"}},
    "c": {"block":"byg:maple_leaves","properties":{"distance":"3","persistent":"false"}},
    "d": {"block":"byg:maple_leaves","properties":{"distance":"4","persistent":"false"}},
    "e": {"block":"byg:maple_log","properties":{"axis":"y"}},
    "f": {"block":"byg:maple_leaves","properties":{"distance":"5","persistent":"false"}},
    "g": {"block":"byg:maple_leaves","properties":{"distance":"6","persistent":"false"}}
  },
  "shape": [
    [
      "            ",
      "            ",
      "       d    ",
      "       fg   ",
      "            ",
      "            ",
      "            ",
      "            ",
      "            ",
      "            ",
      "            ",
      "            ",
      "            ",
      "            ",
      "            "
    ],
    [
      "            ",
      "        a   ",
      "       ccd  ",
      "      fd fg ",
      "       ff   ",
      "            ",
      "            ",
      "            ",
      "            ",
      "            ",
      "            ",
      "            ",
      "            ",
      "            ",
      "            "
    ],
    [
      "        a   ",
      "  a    aba  ",
      " dccd caacd ",
      "  dc  dccdf ",
      "       ddfg ",
      "            ",
      "            ",
      "            ",
      "            ",
      "            ",
      "            ",
      "            ",
      "            ",
      "            ",
      "            "
    ],
    [
      "       aba  ",
      " aba   beb  ",
      "dcaaccabbac ",
      " dcac caacdf",
      "   c  dccd  ",
      "            ",
      "            ",
      "            ",
      "            ",
      "            ",
      "            ",
      "            ",
      "            ",
      "            ",
      "            "
    ],
    [
      " ab     a   ",
      " beba abbac ",
      "cabbaabebac ",
      "dcabacabbac ",
      "       aac  ",
      "            ",
      "            ",
      "            ",
      "            ",
      "            ",
      "            ",
      "            ",
      "            ",
      "            ",
      "            "
    ],
    [
      "            ",
      "cabb   aa d ",
      "cabebaabba  ",
      " abeb abeb  ",
      "   e        ",
      "     e      ",
      "     e      ",
      "            ",
      "            ",
      "            ",
      "            ",
      "            ",
      "            ",
      "            ",
      "      e     "
    ],
    [
      "            ",
      "  a   dc    ",
      " cab  cabb  ",
      "  ab    e c ",
      " dc e   e   ",
      "    e       ",
      "      e     ",
      "      e     ",
      "      e     ",
      "      e     ",
      "      e     ",
      "      e     ",
      "      e     ",
      "     eee    ",
      "     eee    "
    ],
    [
      "        a   ",
      "      cabb  ",
      "  c bbaabeb ",
      " cabe abbba ",
      "  c  c e a  ",
      "       e    ",
      "       e    ",
      "            ",
      "            ",
      "            ",
      "            ",
      "            ",
      "            ",
      "            ",
      "      e     "
    ],
    [
      "       aba  ",
      "     babeb  ",
      "  cabebabba ",
      "  cabbaaaacd",
      "   c ac     ",
      "            ",
      "            ",
      "            ",
      "            ",
      "            ",
      "            ",
      "            ",
      "            ",
      "            ",
      "            "
    ],
    [
      "        a   ",
      "     a abac ",
      "  d abac a  ",
      "   caacccc  ",
      "       d    ",
      "            ",
      "            ",
      "            ",
      "            ",
      "            ",
      "            ",
      "            ",
      "            ",
      "            ",
      "            "
    ],
    [
      "            ",
      "         c  ",
      "     a ddcd ",
      "    c dd    ",
      "            ",
      "            ",
      "            ",
      "            ",
      "            ",
      "            ",
      "            ",
      "            ",
      "            ",
      "            ",
      "            "
    ],
    [
      "            ",
      "            ",
      "         d  ",
      "            ",
      "            ",
      "            ",
      "            ",
      "            ",
      "            ",
      "            ",
      "            ",
      "            ",
      "            ",
      "            ",
      "            "
    ]
  ]
}
