{
  "type": "bonsaitrees3:sapling/byg/nightshade_sapling",
  "version": 3,
  "ref": {
    "a": {"block":"byg:nightshade_log","properties":{"axis":"y"}},
    "b": {"block":"byg:nightshade_leaves","properties":{"distance":"4","persistent":"false"}},
    "c": {"block":"byg:nightshade_leaves","properties":{"distance":"1","persistent":"false"}},
    "d": {"block":"byg:nightshade_leaves","properties":{"distance":"2","persistent":"false"}},
    "e": {"block":"byg:flowering_nightshade_leaves","properties":{"distance":"1","persistent":"false"}},
    "f": {"block":"byg:flowering_nightshade_leaves","properties":{"distance":"5","persistent":"false"}},
    "g": {"block":"byg:imbued_nightshade_log","properties":{"axis":"y"}},
    "h": {"block":"byg:nightshade_leaves","properties":{"distance":"5","persistent":"false"}},
    "i": {"block":"byg:nightshade_leaves","properties":{"distance":"3","persistent":"false"}},
    "j": {"block":"byg:flowering_nightshade_leaves","properties":{"distance":"4","persistent":"false"}},
    "k": {"block":"byg:flowering_nightshade_leaves","properties":{"distance":"2","persistent":"false"}},
    "l": {"block":"byg:flowering_nightshade_leaves","properties":{"distance":"3","persistent":"false"}}
  },
  "shape": [
    [
      "              ",
      "              ",
      "              ",
      "              ",
      "              ",
      "              ",
      "              ",
      "              ",
      "              ",
      "              ",
      "              ",
      "              ",
      "              ",
      "              ",
      "              ",
      "              ",
      "    ldi       ",
      "              ",
      "              ",
      "              ",
      "              ",
      "              ",
      "              ",
      "              ",
      "              ",
      "              ",
      "              ",
      "              ",
      "              ",
      "              ",
      "              ",
      "              ",
      "              ",
      "              ",
      "              ",
      "              ",
      "              ",
      "              ",
      "              "
    ],
    [
      "              ",
      "              ",
      "              ",
      "              ",
      "              ",
      "              ",
      "              ",
      "              ",
      "              ",
      "              ",
      "              ",
      "              ",
      "              ",
      "              ",
      "              ",
      "    idl       ",
      "   ldedl      ",
      "              ",
      "   bjl        ",
      "              ",
      "              ",
      "              ",
      "              ",
      "              ",
      "              ",
      "              ",
      "              ",
      "              ",
      "              ",
      "              ",
      "              ",
      "              ",
      "              ",
      "              ",
      "              ",
      "              ",
      "              ",
      "              ",
      "              "
    ],
    [
      "              ",
      "              ",
      "              ",
      "              ",
      "              ",
      "              ",
      "              ",
      "              ",
      "              ",
      "              ",
      "              ",
      "              ",
      "              ",
      "              ",
      "          ibb ",
      "    dc        ",
      "   dcacd      ",
      "              ",
      "  biidl       ",
      "              ",
      "              ",
      "              ",
      " bfb          ",
      "              ",
      "              ",
      "              ",
      "              ",
      "              ",
      "              ",
      "              ",
      "              ",
      "              ",
      "              ",
      "              ",
      "              ",
      "              ",
      "              ",
      "              ",
      "              "
    ],
    [
      "              ",
      "   dc ded     ",
      "     jl       ",
      "              ",
      "              ",
      "              ",
      "              ",
      "              ",
      " idi          ",
      "        idi   ",
      "              ",
      "          g   ",
      "          a   ",
      "          ced ",
      "         id ij",
      "     dl       ",
      "   idedl      ",
      "  idca        ",
      " blkdcdi      ",
      "              ",
      "              ",
      " dcd          ",
      "ji lb         ",
      "              ",
      "              ",
      "              ",
      "              ",
      "              ",
      "              ",
      "              ",
      "              ",
      "              ",
      "              ",
      "              ",
      "              ",
      "              ",
      "              ",
      "              ",
      "              "
    ],
    [
      "    c  c      ",
      "  dcaccacdi   ",
      "    c dc      ",
      "              ",
      "              ",
      "              ",
      "              ",
      "  k           ",
      "ldcdi    di   ",
      "       idedl  ",
      "         g    ",
      "  idi    g    ",
      "              ",
      "          cac ",
      "         b   f",
      "              ",
      "    ldi       ",
      " idekc        ",
      " idcgdlb      ",
      "              ",
      "              ",
      " cac          ",
      "h   h         ",
      "              ",
      "              ",
      "              ",
      "              ",
      "              ",
      "              ",
      "              ",
      "              ",
      "              ",
      "              ",
      "              ",
      "              ",
      "              ",
      "              ",
      "              ",
      "              "
    ],
    [
      "   cce dc     ",
      "  eaaaccacd   ",
      "   cec  c ij  ",
      "              ",
      "              ",
      "              ",
      "              ",
      " dck          ",
      "deacd   kck   ",
      "  g    dcaek  ",
      "        a     ",
      " idedd        ",
      "              ",
      "          dcd ",
      "         bi ij",
      "              ",
      "  dcd         ",
      " kcaed        ",
      "ideaccdi      ",
      "   a a        ",
      "  g           ",
      " dcd          ",
      "jl ib a       ",
      "              ",
      "              ",
      "              ",
      "              ",
      "    a         ",
      "              ",
      "              ",
      "      a       ",
      "              ",
      "              ",
      "              ",
      "              ",
      "              ",
      "              ",
      "              ",
      "              "
    ],
    [
      "    cdldc     ",
      "  deaekeacdl  ",
      "    c  cc ib  ",
      "      c       ",
      "              ",
      "              ",
      "              ",
      "  di a        ",
      "idcdca   k    ",
      "       idcki  ",
      "   a          ",
      " deaee a      ",
      "       a      ",
      "              ",
      "          bhb ",
      "              ",
      "   d          ",
      " ikcdc        ",
      "bidcdck       ",
      "     a        ",
      "              ",
      "      a       ",
      " jhj  g       ",
      "      aa      ",
      "    a a       ",
      "   aa         ",
      "    a         ",
      "    a         ",
      "    a a       ",
      "      ga      ",
      "      g       ",
      "      a       ",
      "              ",
      "     a        ",
      "     a        ",
      "     a        ",
      "              ",
      "     a        ",
      "     a        "
    ],
    [
      "    e ddde    ",
      "  deaccegac   ",
      "    e aaacdi  ",
      "     eae      ",
      "     ca       ",
      "              ",
      "     g        ",
      "     a        ",
      " lkl  a       ",
      "      a ldl   ",
      "     aa       ",
      " ldcca        ",
      "    aa        ",
      "     aa       ",
      "     g        ",
      "     aed      ",
      "     a        ",
      "  lkca        ",
      " b d a        ",
      "     a        ",
      "     a        ",
      "     a        ",
      "              ",
      "              ",
      "     g        ",
      "              ",
      "              ",
      "              ",
      "     a        ",
      "              ",
      "              ",
      "     a        ",
      "     a        ",
      "     a        ",
      "    aga       ",
      "    a a       ",
      "    a a       ",
      "    a a       ",
      "    aag       "
    ],
    [
      "   ceec  e    ",
      "  caaaaecae   ",
      "  dccc e cdi  ",
      "              ",
      "     ae       ",
      "    dgd       ",
      "    ca        ",
      "              ",
      "              ",
      "              ",
      "              ",
      "  ldd         ",
      "              ",
      "              ",
      "              ",
      "    kckib     ",
      "     g        ",
      "              ",
      "              ",
      "              ",
      "              ",
      "    a         ",
      "   ag         ",
      "    a         ",
      "    a a       ",
      "      a       ",
      "      a       ",
      "      aa      ",
      "    a a       ",
      "    a         ",
      "   aa         ",
      "    a         ",
      "              ",
      "     a        ",
      "     a        ",
      "     a        ",
      "              ",
      "     a        ",
      "     a        "
    ],
    [
      "    c ce      ",
      "   cacaaccd   ",
      "  ide  c  i   ",
      "              ",
      "              ",
      "              ",
      "     e        ",
      "     k        ",
      "              ",
      "              ",
      "              ",
      "              ",
      "              ",
      "      ddi     ",
      "              ",
      "   idccdij    ",
      "     a        ",
      "              ",
      "              ",
      "              ",
      "              ",
      "              ",
      "              ",
      "    a         ",
      "              ",
      "      g       ",
      "              ",
      "              ",
      "              ",
      "    a         ",
      "              ",
      "              ",
      "              ",
      "              ",
      "              ",
      "              ",
      "              ",
      "              ",
      "              "
    ],
    [
      "      e       ",
      "    eeacddi   ",
      "   ik ed      ",
      "              ",
      "              ",
      "              ",
      "              ",
      "              ",
      "              ",
      "              ",
      "              ",
      "              ",
      "      kk      ",
      "     dccdl    ",
      "      a       ",
      "   idcacki    ",
      "              ",
      "              ",
      "              ",
      "      bhj     ",
      "              ",
      "              ",
      "              ",
      "              ",
      "              ",
      "              ",
      "              ",
      "              ",
      "              ",
      "              ",
      "              ",
      "              ",
      "              ",
      "              ",
      "              ",
      "              ",
      "              ",
      "              ",
      "              "
    ],
    [
      "              ",
      "    kdckii    ",
      "   jiidlj     ",
      "              ",
      "              ",
      "              ",
      "              ",
      "              ",
      "              ",
      "              ",
      "              ",
      "              ",
      "      dck     ",
      "     kcack    ",
      "              ",
      "   blkckib    ",
      "      a       ",
      "              ",
      "      dcd     ",
      "     ji ib    ",
      "              ",
      "              ",
      "              ",
      "              ",
      "              ",
      "              ",
      "              ",
      "              ",
      "              ",
      "              ",
      "              ",
      "              ",
      "              ",
      "              ",
      "              ",
      "              ",
      "              ",
      "              ",
      "              "
    ],
    [
      "              ",
      "     id       ",
      "    bjlbh     ",
      "              ",
      "              ",
      "              ",
      "              ",
      "              ",
      "              ",
      "              ",
      "              ",
      "              ",
      "        l     ",
      "     ldcdi    ",
      "              ",
      "    jidib     ",
      "              ",
      "       a      ",
      "      cac     ",
      "     f   f    ",
      "              ",
      "              ",
      "              ",
      "              ",
      "              ",
      "              ",
      "              ",
      "              ",
      "              ",
      "              ",
      "              ",
      "              ",
      "              ",
      "              ",
      "              ",
      "              ",
      "              ",
      "              ",
      "              "
    ],
    [
      "              ",
      "              ",
      "              ",
      "              ",
      "              ",
      "              ",
      "              ",
      "              ",
      "              ",
      "              ",
      "              ",
      "              ",
      "              ",
      "      idi     ",
      "              ",
      "     bib      ",
      "              ",
      "              ",
      "      dcd     ",
      "     jl ib    ",
      "              ",
      "              ",
      "              ",
      "              ",
      "              ",
      "              ",
      "              ",
      "              ",
      "              ",
      "              ",
      "              ",
      "              ",
      "              ",
      "              ",
      "              ",
      "              ",
      "              ",
      "              ",
      "              "
    ],
    [
      "              ",
      "              ",
      "              ",
      "              ",
      "              ",
      "              ",
      "              ",
      "              ",
      "              ",
      "              ",
      "              ",
      "              ",
      "              ",
      "              ",
      "              ",
      "              ",
      "              ",
      "              ",
      "              ",
      "      jfb     ",
      "              ",
      "              ",
      "              ",
      "              ",
      "              ",
      "              ",
      "              ",
      "              ",
      "              ",
      "              ",
      "              ",
      "              ",
      "              ",
      "              ",
      "              ",
      "              ",
      "              ",
      "              ",
      "              "
    ]
  ]
}
