{
  "type": "bonsaitrees3:sapling/byg/orange_spruce_sapling",
  "version": 3,
  "ref": {
    "a": {"block":"minecraft:spruce_log","properties":{"axis":"y"}},
    "b": {"block":"byg:orange_spruce_leaves","properties":{"distance":"1","persistent":"false"}},
    "c": {"block":"byg:orange_spruce_leaves","properties":{"distance":"2","persistent":"false"}},
    "d": {"block":"byg:orange_spruce_leaves","properties":{"distance":"5","persistent":"false"}},
    "e": {"block":"byg:orange_spruce_leaves","properties":{"distance":"4","persistent":"false"}},
    "f": {"block":"byg:orange_spruce_leaves","properties":{"distance":"3","persistent":"false"}},
    "g": {"block":"byg:orange_spruce_leaves","properties":{"distance":"7","persistent":"false"}}
  },
  "shape": [
    [
      "       ",
      "       ",
      "       ",
      "       ",
      "       ",
      "       ",
      "       ",
      "  ded  ",
      "       ",
      "    e  ",
      "   f   ",
      "       ",
      "       ",
      "       ",
      "       ",
      "       "
    ],
    [
      "       ",
      "       ",
      "       ",
      "       ",
      "   fe  ",
      "   c   ",
      "  g de ",
      "   f   ",
      "  fc   ",
      "   cfe ",
      "  fcf  ",
      "  e    ",
      "       ",
      "       ",
      "       ",
      "       "
    ],
    [
      "       ",
      "       ",
      "   b   ",
      "   bc  ",
      "  c fe ",
      "  cbcf ",
      " e a fe",
      "       ",
      "ef bcfe",
      " c bcf ",
      "  cbcf ",
      "       ",
      "       ",
      "       ",
      "       ",
      "       "
    ],
    [
      "   c   ",
      "   b   ",
      "  ba   ",
      "   ab  ",
      "  ba   ",
      " e a f ",
      "ef a cf",
      " cbaabc",
      "f  a cf",
      "cbaa   ",
      "f bab  ",
      "  babc ",
      "   a   ",
      "   a   ",
      "   a   ",
      "   a   "
    ],
    [
      "       ",
      "       ",
      "   b   ",
      "   b   ",
      "  c f  ",
      "  cbc  ",
      " fcbcf ",
      "  cb  f",
      "ef bcf ",
      "fcbb   ",
      "   b e ",
      "     f ",
      "       ",
      "       ",
      "       ",
      "       "
    ],
    [
      "       ",
      "       ",
      "       ",
      "       ",
      "       ",
      "   c   ",
      "  f fe ",
      "     d ",
      " efcf  ",
      "  c e  ",
      " g cfe ",
      "    e  ",
      "       ",
      "       ",
      "       ",
      "       "
    ],
    [
      "       ",
      "       ",
      "       ",
      "       ",
      "       ",
      "       ",
      "  ed   ",
      "   e   ",
      "   f   ",
      "  f    ",
      "       ",
      "    d  ",
      "       ",
      "       ",
      "       ",
      "       "
    ]
  ]
}
