{
  "type": "bonsaitrees3:sapling/byg/orange_birch_sapling",
  "version": 3,
  "ref": {
    "a": {"block":"minecraft:birch_log","properties":{"axis":"y"}},
    "b": {"block":"byg:orange_birch_leaves","properties":{"distance":"2","persistent":"false"}},
    "c": {"block":"byg:orange_birch_leaves","properties":{"distance":"3","persistent":"false"}},
    "d": {"block":"byg:orange_birch_leaves","properties":{"distance":"1","persistent":"false"}},
    "e": {"block":"byg:orange_birch_leaves","properties":{"distance":"4","persistent":"false"}},
    "f": {"block":"byg:orange_birch_leaves","properties":{"distance":"5","persistent":"false"}}
  },
  "shape": [
    [
      "       ",
      "       ",
      "       ",
      "       ",
      "       ",
      "       ",
      "  f    ",
      "       ",
      "   c   ",
      "       ",
      "   c   ",
      "       ",
      "       ",
      "       ",
      "       ",
      "       ",
      "       ",
      "       ",
      "       ",
      "       ",
      "       "
    ],
    [
      "       ",
      "       ",
      "       ",
      "  ec   ",
      "    e  ",
      " e  c  ",
      "  e    ",
      "  cb   ",
      "  cbc  ",
      "       ",
      "   b   ",
      "  c    ",
      "    c  ",
      "       ",
      "       ",
      "       ",
      "       ",
      "       ",
      "       ",
      "       ",
      "       "
    ],
    [
      "       ",
      "       ",
      "   c   ",
      "   b e ",
      " e     ",
      " cbdb  ",
      "   db  ",
      "ec d   ",
      "f bd   ",
      "   a   ",
      " cbd ce",
      " cbdb  ",
      "   db  ",
      "       ",
      "       ",
      "       ",
      "       ",
      "       ",
      "       ",
      "       ",
      "       "
    ],
    [
      "   e   ",
      "  ece  ",
      "   b   ",
      "  bdbc ",
      "   a   ",
      "cbdadb ",
      "  da   ",
      " bda   ",
      "  dadb ",
      "  dad  ",
      " c adb ",
      "cbdadb ",
      "  dad  ",
      "  daa  ",
      "   a   ",
      "   a   ",
      "   a   ",
      "   a   ",
      "   a   ",
      "   a   ",
      "   a   "
    ],
    [
      "       ",
      "       ",
      "  ece  ",
      " ecb   ",
      "     e ",
      "e bd c ",
      " e     ",
      "ec d ce",
      " bdadb ",
      "       ",
      "  bd   ",
      "   d c ",
      " cbd e ",
      "       ",
      "       ",
      "   d   ",
      "       ",
      "       ",
      "       ",
      "       ",
      "       "
    ],
    [
      "       ",
      "       ",
      "  fe   ",
      "       ",
      "   c   ",
      "  cb   ",
      "       ",
      "   bc  ",
      " c  b  ",
      "       ",
      "  cbce ",
      "    e  ",
      "       ",
      "       ",
      "       ",
      "       ",
      "       ",
      "       ",
      "       ",
      "       ",
      "       "
    ],
    [
      "       ",
      "       ",
      "       ",
      "       ",
      "   e   ",
      "       ",
      "       ",
      "   c   ",
      "  fe   ",
      "       ",
      "  e e  ",
      "       ",
      "       ",
      "       ",
      "       ",
      "       ",
      "       ",
      "       ",
      "       ",
      "       ",
      "       "
    ]
  ]
}
