{
  "type": "bonsaitrees3:sapling/byg/orange_oak_sapling",
  "version": 3,
  "ref": {
    "a": {"block":"byg:orange_oak_leaves","properties":{"distance":"3","persistent":"false"}},
    "b": {"block":"byg:orange_oak_leaves","properties":{"distance":"4","persistent":"false"}},
    "c": {"block":"minecraft:oak_log","properties":{"axis":"y"}},
    "d": {"block":"byg:orange_oak_leaves","properties":{"distance":"2","persistent":"false"}},
    "e": {"block":"byg:orange_oak_leaves","properties":{"distance":"1","persistent":"false"}},
    "f": {"block":"byg:orange_oak_leaves","properties":{"distance":"6","persistent":"false"}},
    "g": {"block":"byg:orange_oak_leaves","properties":{"distance":"5","persistent":"false"}}
  },
  "shape": [
    [
      "        ",
      "        ",
      "        ",
      "        ",
      "        ",
      "        ",
      "        ",
      "    a   ",
      "     b  ",
      "   bab  ",
      "    a   ",
      "        ",
      "        ",
      "        ",
      "        ",
      "        ",
      "        ",
      "        ",
      "        ",
      "        "
    ],
    [
      "        ",
      "        ",
      "        ",
      "        ",
      "   a    ",
      "    d   ",
      "   ad b ",
      "  bada  ",
      "  badab ",
      "  badabg",
      "   ada f",
      "        ",
      "        ",
      "        ",
      "        ",
      "        ",
      "        ",
      "        ",
      "        ",
      "        "
    ],
    [
      "        ",
      "        ",
      "   ad   ",
      "  ade   ",
      "   ded  ",
      "    eda ",
      "  a eda ",
      "   deda ",
      "  adeda ",
      " badedab",
      " badeda ",
      "        ",
      "        ",
      "        ",
      "        ",
      "        ",
      "        ",
      "        ",
      "        ",
      "        "
    ],
    [
      "    a   ",
      "   ad   ",
      "   ded  ",
      "    ce  ",
      " adeced ",
      "  deceda",
      "  dec a ",
      " adeced ",
      "  deceda",
      "badeceda",
      " adeced ",
      "    ce  ",
      "    c   ",
      "    c   ",
      "    c   ",
      "    c   ",
      "    c   ",
      "    c   ",
      "    c   ",
      "    c   "
    ],
    [
      "        ",
      "        ",
      "    d   ",
      "   de   ",
      "    e   ",
      "  aded  ",
      "  adeda ",
      "   deda ",
      "  adeda ",
      "  adedab",
      " badeda ",
      "    e   ",
      "        ",
      "        ",
      "        ",
      "        ",
      "        ",
      "        ",
      "        ",
      "        "
    ],
    [
      "        ",
      "        ",
      "        ",
      "        ",
      "        ",
      "    da  ",
      "  bad   ",
      "    da  ",
      "    dab ",
      "  bada  ",
      "   ada  ",
      "        ",
      "        ",
      "        ",
      "        ",
      "        ",
      "        ",
      "        ",
      "        ",
      "        "
    ],
    [
      "        ",
      "        ",
      "        ",
      "        ",
      "        ",
      "        ",
      "    a   ",
      "        ",
      "     b  ",
      "   ba   ",
      "    a   ",
      "        ",
      "        ",
      "        ",
      "        ",
      "        ",
      "        ",
      "        ",
      "        ",
      "        "
    ]
  ]
}
