{
  "type": "bonsaitrees3:sapling/byg/orchard_sapling",
  "version": 3,
  "ref": {
    "a": {"block":"byg:orchard_leaves","properties":{"distance":"1","persistent":"false"}},
    "b": {"block":"minecraft:oak_log","properties":{"axis":"y"}},
    "c": {"block":"byg:orchard_leaves","properties":{"distance":"2","persistent":"false"}},
    "d": {"block":"byg:orchard_leaves","properties":{"distance":"3","persistent":"false"}},
    "e": {"block":"byg:orchard_leaves","properties":{"distance":"4","persistent":"false"}},
    "f": {"block":"byg:flowering_orchard_leaves","properties":{"distance":"3","persistent":"false"}},
    "g": {"block":"byg:flowering_orchard_leaves","properties":{"distance":"2","persistent":"false"}},
    "h": {"block":"byg:ripe_orchard_leaves","properties":{"distance":"1","persistent":"false"}},
    "i": {"block":"byg:flowering_orchard_leaves","properties":{"distance":"1","persistent":"false"}},
    "j": {"block":"byg:ripe_orchard_leaves","properties":{"distance":"2","persistent":"false"}},
    "k": {"block":"byg:ripe_orchard_leaves","properties":{"distance":"3","persistent":"false"}},
    "l": {"block":"byg:ripe_orchard_leaves","properties":{"distance":"4","persistent":"false"}}
  },
  "shape": [
    [
      "        ",
      "        ",
      "        ",
      "        ",
      "   kcd  ",
      "  edcde ",
      "   dff  ",
      "        ",
      "        ",
      "        ",
      "        ",
      "        ",
      "        "
    ],
    [
      "        ",
      "   dde  ",
      "   cjd  ",
      "  fccgd ",
      "  kcacdl",
      " ekcajd ",
      "  dcccd ",
      "        ",
      "        ",
      "        ",
      "        ",
      "        ",
      "        "
    ],
    [
      "    d   ",
      "  dccde ",
      "  caacd ",
      " djahac ",
      " dghbacf",
      "ldcabhcf",
      " dcaaac ",
      "    a   ",
      "        ",
      "        ",
      "        ",
      "        ",
      "        "
    ],
    [
      "   cjd  ",
      "  cahcd ",
      "  abbac ",
      " chbbbag",
      " cabbbac",
      " ghbbbac",
      "  ibbbh ",
      "    bac ",
      "    b   ",
      "    b   ",
      "    b   ",
      "    b   ",
      "    b   "
    ],
    [
      "    d   ",
      "  dccfe ",
      "  chagde",
      " dcaaacd",
      " dchbacd",
      "  cabacf",
      "  cabacd",
      "      d ",
      "        ",
      "        ",
      "        ",
      "        ",
      "        "
    ],
    [
      "        ",
      "   dde  ",
      "   ccd  ",
      "  dgccd ",
      "  dcacdl",
      "  dgacdl",
      "   cacd ",
      "        ",
      "        ",
      "        ",
      "        ",
      "        ",
      "        "
    ],
    [
      "        ",
      "        ",
      "        ",
      "   d    ",
      "  edc   ",
      "   fcde ",
      "    cd  ",
      "        ",
      "        ",
      "        ",
      "        ",
      "        ",
      "        "
    ],
    [
      "        ",
      "        ",
      "        ",
      "        ",
      "        ",
      "    d   ",
      "        ",
      "        ",
      "        ",
      "        ",
      "        ",
      "        ",
      "        "
    ]
  ]
}
