{
  "type": "bonsaitrees3:sapling/byg/pine_sapling",
  "version": 3,
  "ref": {
    "a": {"block":"byg:pine_log","properties":{"axis":"y"}},
    "b": {"block":"byg:pine_leaves","properties":{"distance":"1","persistent":"false"}}
  },
  "shape": [
    [
      "     ",
      "     ",
      "     ",
      "  b  ",
      "     ",
      "     ",
      "     ",
      "     ",
      "  b  ",
      "     ",
      "     ",
      "     ",
      "     ",
      "     ",
      "     ",
      "     ",
      "     ",
      "     ",
      "     "
    ],
    [
      "     ",
      "  b  ",
      " bb  ",
      " bab ",
      "     ",
      "     ",
      "  bb ",
      " bb  ",
      " bab ",
      "     ",
      "  bb ",
      " bb  ",
      "     ",
      "     ",
      "     ",
      "     ",
      "     ",
      "     ",
      "     "
    ],
    [
      "  b  ",
      " ba  ",
      "baab ",
      " bab ",
      " bab ",
      "  ab ",
      " baab",
      "baab ",
      " bab ",
      "  ab ",
      " baab",
      "baa  ",
      "  a  ",
      "  a  ",
      "  a  ",
      "  a  ",
      "  a  ",
      "  a  ",
      "  a  "
    ],
    [
      "     ",
      "  b  ",
      " bb  ",
      "  b  ",
      " bab ",
      "  b  ",
      "  bb ",
      " bb  ",
      " bab ",
      "     ",
      "  bb ",
      " bb  ",
      "     ",
      "     ",
      "     ",
      "     ",
      "     ",
      "     ",
      "     "
    ],
    [
      "     ",
      "     ",
      "     ",
      "     ",
      "  b  ",
      "     ",
      "     ",
      "     ",
      "  b  ",
      "     ",
      "     ",
      "     ",
      "     ",
      "     ",
      "     ",
      "     ",
      "     ",
      "     ",
      "     "
    ]
  ]
}
