{
  "type": "bonsaitrees3:sapling/byg/purple_bulbis_anomaly",
  "version": 3,
  "ref": {
    "a": {"block":"byg:purple_shroomlight"},
    "b": {"block":"byg:purple_bulbis_shell","properties":{"down":"true","east":"true","north":"true","south":"true","up":"true","west":"true"}},
    "c": {"block":"byg:bulbis_wood","properties":{"axis":"y"}}
  },
  "shape": [
    [
      "         ",
      "         ",
      "         ",
      "         ",
      "         ",
      "         ",
      "         ",
      "         ",
      "    c    ",
      "         ",
      "         ",
      "         ",
      "         ",
      "         ",
      "         "
    ],
    [
      "         ",
      "         ",
      "         ",
      "   bbb   ",
      "   bbb   ",
      "   bbb   ",
      "         ",
      "    c    ",
      "         ",
      "   ccc   ",
      "         ",
      "         ",
      "         ",
      "         ",
      "         "
    ],
    [
      "         ",
      "         ",
      "  bbbbb  ",
      "  bbbbb  ",
      "  bb bb  ",
      "  bbbbb  ",
      "  bbbbb  ",
      "         ",
      "         ",
      "         ",
      "    c    ",
      "         ",
      "         ",
      "         ",
      "         "
    ],
    [
      "         ",
      "   bbb   ",
      "  bbbbb  ",
      " bb   bb ",
      " bba abb ",
      " bba abb ",
      "  bbbbb  ",
      "   bbb   ",
      "         ",
      " c     c ",
      "         ",
      "    c    ",
      "         ",
      "    c    ",
      "    c    "
    ],
    [
      "    b    ",
      "   bbb   ",
      "  bbabb  ",
      " bb   bb ",
      " b    ab ",
      " bba  bb ",
      "  bbabb  ",
      " c bbb c ",
      "c   b   c",
      " c     c ",
      "  c c c  ",
      "   ccc   ",
      "    c    ",
      "    c    ",
      "   ccc   "
    ],
    [
      "         ",
      "   bbb   ",
      "  bbbbb  ",
      " bb aabb ",
      " bb  abb ",
      " bba abb ",
      "  bbbbb  ",
      "   bbb   ",
      "         ",
      " c     c ",
      "         ",
      "    c    ",
      "         ",
      "    c    ",
      "    c    "
    ],
    [
      "         ",
      "         ",
      "  bbbbb  ",
      "  bbbbb  ",
      "  bbabb  ",
      "  bbbbb  ",
      "  bbbbb  ",
      "         ",
      "         ",
      "         ",
      "    c    ",
      "         ",
      "         ",
      "         ",
      "         "
    ],
    [
      "         ",
      "         ",
      "         ",
      "   bbb   ",
      "   bbb   ",
      "   bbb   ",
      "         ",
      "    c    ",
      "         ",
      "   ccc   ",
      "         ",
      "         ",
      "         ",
      "         ",
      "         "
    ],
    [
      "         ",
      "         ",
      "         ",
      "         ",
      "         ",
      "         ",
      "         ",
      "         ",
      "    c    ",
      "         ",
      "         ",
      "         ",
      "         ",
      "         ",
      "         "
    ]
  ]
}
