{
  "type": "bonsaitrees3:sapling/byg/rainbow_eucalyptus_sapling",
  "version": 3,
  "ref": {
    "a": {"block":"byg:rainbow_eucalyptus_leaves","properties":{"distance":"1","persistent":"false"}},
    "b": {"block":"byg:rainbow_eucalyptus_log","properties":{"axis":"y"}},
    "c": {"block":"byg:rainbow_eucalyptus_leaves","properties":{"distance":"2","persistent":"false"}},
    "d": {"block":"byg:rainbow_eucalyptus_leaves","properties":{"distance":"3","persistent":"false"}},
    "e": {"block":"byg:rainbow_eucalyptus_leaves","properties":{"distance":"4","persistent":"false"}},
    "f": {"block":"byg:rainbow_eucalyptus_leaves","properties":{"distance":"5","persistent":"false"}},
    "g": {"block":"byg:rainbow_eucalyptus_leaves","properties":{"distance":"6","persistent":"false"}}
  },
  "shape": [
    [
      "                 ",
      "                 ",
      "                 ",
      "                 ",
      "                 ",
      "                 ",
      "       dcd       ",
      "                 ",
      "                 ",
      "                 ",
      "                 ",
      "                 ",
      "                 ",
      "                 ",
      "                 ",
      "                 ",
      "                 ",
      "                 "
    ],
    [
      "                 ",
      "                 ",
      "                 ",
      "                 ",
      "                 ",
      "                 ",
      "      dcacddc    ",
      "                 ",
      "                 ",
      "                 ",
      "                 ",
      "                 ",
      "                 ",
      "                 ",
      "                 ",
      "                 ",
      "                 ",
      "                 "
    ],
    [
      "                 ",
      "                 ",
      "                 ",
      "                 ",
      "                 ",
      "       ca        ",
      "     dcabaccac   ",
      "       caa       ",
      "                 ",
      "                 ",
      "                 ",
      "                 ",
      "                 ",
      "                 ",
      "                 ",
      "                 ",
      "                 ",
      "                 "
    ],
    [
      "                 ",
      "                 ",
      "     dcddc       ",
      "                 ",
      "                 ",
      "      cdccdca    ",
      "    dcacaacabac  ",
      "      caabaaa    ",
      "        cac      ",
      "                 ",
      "                 ",
      "                 ",
      "                 ",
      "                 ",
      "                 ",
      "                 ",
      "                 ",
      "                 "
    ],
    [
      "                 ",
      "      cd         ",
      "    dcaccacd     ",
      "      cd         ",
      "                 ",
      "     cacdddc     ",
      "    cabacccaac   ",
      "      abaaaba    ",
      "       aabaa     ",
      "                 ",
      "                 ",
      "                 ",
      "                 ",
      "                 ",
      "                 ",
      "                 ",
      "     c           ",
      "                 "
    ],
    [
      "                 ",
      "     caccac      ",
      "   dcabaabaccd   ",
      "     cacaa       ",
      "                 ",
      "      cdded      ",
      "     caccdccc    ",
      "       aacaa     ",
      "       abab      ",
      "         b       ",
      "                 ",
      "                 ",
      "                 ",
      "                 ",
      "                 ",
      "                 ",
      "    cac          ",
      "                 "
    ],
    [
      "      de         ",
      "    cacdccddc    ",
      "  dcabacaaccacd  ",
      "    cababacca    ",
      "                 ",
      "                 ",
      "      cddedd     ",
      "        cdc      ",
      "        a a      ",
      "        b b      ",
      "         b       ",
      "                 ",
      "                 ",
      "             cd  ",
      "                 ",
      "     ac          ",
      "   cabac         ",
      "     aa          "
    ],
    [
      "      eee e      ",
      "    dcdddcdcac   ",
      "  cdcacccccabacd ",
      "   ddcaaaccaba   ",
      "       b         ",
      "                 ",
      "        efe      ",
      "         e       ",
      "                 ",
      "        a        ",
      "        bbb      ",
      "                 ",
      "             c   ",
      "            cacd ",
      "             c   ",
      "    dccd         ",
      "   dcaacc        ",
      "    caba         "
    ],
    [
      "       ed ded    ",
      "   dededcacdcde  ",
      " cacdcddcaacacdcd",
      "  acddcccacaacc  ",
      "           b     ",
      "        b        ",
      "                 ",
      "                 ",
      "                 ",
      "        a        ",
      "       abbb      ",
      "                 ",
      "            cac  ",
      "           cabacd",
      "            aacd ",
      "    dcdd         ",
      "   dcacca        ",
      "     caa b       "
    ],
    [
      "     f  cacdef   ",
      "  acdedcabacdedc ",
      "cabacddcabbacdcac",
      " abacddcabaccca  ",
      "   b     b       ",
      "         bb      ",
      "         b       ",
      "         b       ",
      "         b       ",
      "        ab       ",
      "      cabbb      ",
      "         b       ",
      "         b  ccde ",
      "         b caacde",
      "         b  bac  ",
      "     ac  bbb     ",
      "   cabaabbb      ",
      "     abbbbbb     "
    ],
    [
      "    fed aaacd    ",
      "  cdedcabbbacdca ",
      "dcacddcabbbaccaba",
      "  acddcabbbacab  ",
      "        bbb  b   ",
      "    b   bbb b    ",
      "     b  bbbb     ",
      "      bbbbb      ",
      "        bbb      ",
      "       abbb      ",
      "      cabbb      ",
      "       abbb      ",
      "        bbb  cc  ",
      "        bbbacaac ",
      "        bbb  ba  ",
      "        bbbbb    ",
      "    cacabbb      ",
      "      a bbb      "
    ],
    [
      "    gfe  a       ",
      "  defedcabacdedc ",
      "edcdeedcabbacdcac",
      "  ccdedcabacdca  ",
      "         b       ",
      "        bb       ",
      "      b  bb      ",
      "       bbb       ",
      "         b       ",
      "        aba      ",
      "       cabac     ",
      "        aba      ",
      "         b   cac ",
      "         b  cabac",
      "         b   aac ",
      "         b       ",
      "     cd bbb      ",
      "       b bbb     "
    ],
    [
      "    ffe    ef    ",
      "  cdeeddcacdefed ",
      "dcacddcccaacdedcd",
      "  cacdcacaccdd   ",
      "       b         ",
      "     b     b     ",
      "                 ",
      "         b       ",
      "                 ",
      "         a       ",
      "        cac      ",
      "         a       ",
      "              cd ",
      "      cdcacd cacd",
      "              c  ",
      "                 ",
      "        bbb      ",
      "         b       "
    ],
    [
      "    e     eee    ",
      "  acddccdcdddef  ",
      "cabaccaacccccdede",
      "  abacabaccac    ",
      "    b      b     ",
      "                 ",
      "                 ",
      "         b       ",
      "                 ",
      "                 ",
      "         c       ",
      "                 ",
      "       dede      ",
      "     cacdcddd cd ",
      "       acdc      ",
      "                 ",
      "         bb      ",
      "                 "
    ],
    [
      "         eed     ",
      "   dccacdddccd   ",
      " cacaabacdcaacde ",
      "   abaaaccaba    ",
      "                 ",
      "                 ",
      "         b       ",
      "                 ",
      "                 ",
      "                 ",
      "                 ",
      "        ef       ",
      "      acdedd     ",
      "    cabacdcccd   ",
      "      abacaa     ",
      "        b b      ",
      "         b       ",
      "                 "
    ],
    [
      "         fe      ",
      "    accdeedca    ",
      "  cabaacddcabac  ",
      "    accccdca     ",
      "                 ",
      "         b       ",
      "                 ",
      "                 ",
      "                 ",
      "                 ",
      "                 ",
      "       eeee      ",
      "     dcddddcc    ",
      "    dcaccccaacd  ",
      "      caaaabac   ",
      "         b       ",
      "                 ",
      "                 "
    ],
    [
      "                 ",
      "     ddedeed     ",
      "   caccdcddcac   ",
      "     d cacd      ",
      "        b        ",
      "                 ",
      "                 ",
      "                 ",
      "                 ",
      "                 ",
      "                 ",
      "         eed     ",
      "      ddcddcac   ",
      "     dccaccabacd ",
      "       abacaac   ",
      "                 ",
      "                 ",
      "                 "
    ],
    [
      "                 ",
      "      edcde      ",
      "    cddcacddc    ",
      "       aba       ",
      "                 ",
      "                 ",
      "                 ",
      "                 ",
      "                 ",
      "                 ",
      "                 ",
      "                 ",
      "       cacddcd   ",
      "      cabaccacd  ",
      "        acdcc    ",
      "                 ",
      "                 ",
      "                 "
    ],
    [
      "                 ",
      "        ac       ",
      "     dcabacd     ",
      "                 ",
      "                 ",
      "                 ",
      "                 ",
      "                 ",
      "                 ",
      "                 ",
      "                 ",
      "                 ",
      "         dee     ",
      "       cacddcd   ",
      "         ded     ",
      "                 ",
      "                 ",
      "                 "
    ],
    [
      "                 ",
      "                 ",
      "       cacd      ",
      "                 ",
      "                 ",
      "                 ",
      "                 ",
      "                 ",
      "                 ",
      "                 ",
      "                 ",
      "                 ",
      "                 ",
      "        cdeed    ",
      "                 ",
      "                 ",
      "                 ",
      "                 "
    ]
  ]
}
