{
  "type": "bonsaitrees3:sapling/byg/red_birch_sapling",
  "version": 3,
  "ref": {
    "a": {"block":"minecraft:birch_log","properties":{"axis":"y"}},
    "b": {"block":"byg:red_birch_leaves","properties":{"distance":"4","persistent":"false"}},
    "c": {"block":"byg:red_birch_leaves","properties":{"distance":"1","persistent":"false"}},
    "d": {"block":"byg:red_birch_leaves","properties":{"distance":"3","persistent":"false"}},
    "e": {"block":"byg:red_birch_leaves","properties":{"distance":"2","persistent":"false"}},
    "f": {"block":"byg:red_birch_leaves","properties":{"distance":"5","persistent":"false"}}
  },
  "shape": [
    [
      "            ",
      "            ",
      "            ",
      "    b       ",
      "  fbf       ",
      "            ",
      "            ",
      "         ed ",
      "        d   ",
      "            ",
      "            ",
      "            ",
      "            ",
      "            ",
      "            ",
      "            "
    ],
    [
      "            ",
      "   c        ",
      "  eced      ",
      " bdedd      ",
      " f d d      ",
      "  fbb       ",
      "        ece ",
      "      decce ",
      "       eeed ",
      "        dd  ",
      "            ",
      "            ",
      "            ",
      "            ",
      "            ",
      "            "
    ],
    [
      "   c        ",
      "  cac       ",
      "deca e      ",
      "b    ed     ",
      " f  eed     ",
      "  fbde  ec  ",
      "     ede ac ",
      "     de aa b",
      "      cccced",
      "       ee d ",
      "            ",
      "            ",
      "            ",
      "            ",
      "            ",
      "            "
    ],
    [
      "            ",
      " decc       ",
      " d aac      ",
      " b cac      ",
      " bdecc      ",
      "   dec   e  ",
      "    ececc e ",
      "      caaced",
      "     caac db",
      "      cced  ",
      "            ",
      "            ",
      "            ",
      "            ",
      "            ",
      "            "
    ],
    [
      "            ",
      "  deedb     ",
      "  ecced     ",
      " decacee    ",
      "   caace    ",
      "   ecac     ",
      "     aceed  ",
      "     a cce  ",
      "     aacedb ",
      "     aac b  ",
      "     aa     ",
      "     a      ",
      "     a      ",
      "     a      ",
      "     a      ",
      "     a      "
    ],
    [
      "            ",
      "     bb     ",
      "   ee de    ",
      "  d  a ce   ",
      "  decaac    ",
      "    cace    ",
      "     a d    ",
      "     a ee   ",
      "     a      ",
      "     a      ",
      "            ",
      "            ",
      "            ",
      "            ",
      "            ",
      "            "
    ],
    [
      "            ",
      "      b     ",
      "    ee c    ",
      "   eccaac   ",
      "    aca e   ",
      "   caace    ",
      "     ce     ",
      "            ",
      "            ",
      "            ",
      "            ",
      "            ",
      "            ",
      "            ",
      "            ",
      "            "
    ],
    [
      "            ",
      "      d     ",
      "      e     ",
      "   ccecc    ",
      "  ecacce    ",
      "  decc d    ",
      "   deed     ",
      "    d       ",
      "            ",
      "            ",
      "            ",
      "            ",
      "            ",
      "            ",
      "            ",
      "            "
    ],
    [
      "            ",
      "   e        ",
      "  ecc       ",
      " ecaace     ",
      " e  ac      ",
      " d   ed     ",
      "  dbdd      ",
      "   fb       ",
      "            ",
      "            ",
      "            ",
      "            ",
      "            ",
      "            ",
      "            ",
      "            "
    ],
    [
      "            ",
      "   c        ",
      " ecace      ",
      " eca ed     ",
      "ecaa  d     ",
      " ec   b     ",
      "  edbbf     ",
      "    f       ",
      "            ",
      "            ",
      "            ",
      "            ",
      "            ",
      "            ",
      "            ",
      "            "
    ],
    [
      "            ",
      "   e        ",
      "   ce       ",
      " decced     ",
      " ecaace     ",
      " de  e      ",
      "   db       ",
      "            ",
      "            ",
      "            ",
      "            ",
      "            ",
      "            ",
      "            ",
      "            ",
      "            "
    ],
    [
      "            ",
      "            ",
      "   e        ",
      "   ced      ",
      "  cace      ",
      "  ece       ",
      "   ed       ",
      "            ",
      "            ",
      "            ",
      "            ",
      "            ",
      "            ",
      "            ",
      "            ",
      "            "
    ],
    [
      "            ",
      "            ",
      "            ",
      "   e        ",
      "   ce       ",
      "   ed       ",
      "            ",
      "            ",
      "            ",
      "            ",
      "            ",
      "            ",
      "            ",
      "            ",
      "            ",
      "            "
    ]
  ]
}
