{
  "type": "bonsaitrees3:sapling/byg/red_spruce_sapling",
  "version": 3,
  "ref": {
    "a": {"block":"minecraft:spruce_log","properties":{"axis":"y"}},
    "b": {"block":"byg:red_spruce_leaves","properties":{"distance":"3","persistent":"false"}},
    "c": {"block":"byg:red_spruce_leaves","properties":{"distance":"2","persistent":"false"}},
    "d": {"block":"byg:red_spruce_leaves","properties":{"distance":"1","persistent":"false"}},
    "e": {"block":"byg:red_spruce_leaves","properties":{"distance":"4","persistent":"false"}},
    "f": {"block":"byg:red_spruce_leaves","properties":{"distance":"5","persistent":"false"}},
    "g": {"block":"byg:red_spruce_leaves","properties":{"distance":"7","persistent":"false"}}
  },
  "shape": [
    [
      "       ",
      "       ",
      "       ",
      "       ",
      "       ",
      "       ",
      "   be  ",
      "  bc   ",
      "   be  ",
      "       ",
      "       ",
      "       ",
      "       ",
      "       ",
      "       ",
      "       "
    ],
    [
      "       ",
      "       ",
      "       ",
      "       ",
      "    e  ",
      "   bb  ",
      " ebcbe ",
      " f d   ",
      "  bcb  ",
      "    be ",
      " ee b  ",
      "  bc   ",
      "       ",
      "       ",
      "       ",
      "       "
    ],
    [
      "       ",
      "       ",
      "       ",
      "   dc  ",
      "  b be ",
      "  c c  ",
      " bc  f ",
      "   a  f",
      " bc c  ",
      " e  cbe",
      " b dcb ",
      "fe d   ",
      "       ",
      "       ",
      "       ",
      "       "
    ],
    [
      "   c   ",
      "   d   ",
      "  dad  ",
      "  dad  ",
      "   a b ",
      " cdadc ",
      "f daa  ",
      "e da be",
      "bcdadc ",
      "  dadc ",
      " cdadcb",
      "   a   ",
      "   a   ",
      "   a   ",
      "   a   ",
      "   a   "
    ],
    [
      "       ",
      "       ",
      "   d   ",
      "       ",
      "  cdc  ",
      "  c c  ",
      "ebc    ",
      "  cd  f",
      " b   b ",
      "bcda   ",
      "   dcb ",
      "   d e ",
      "       ",
      "       ",
      "       ",
      "       "
    ],
    [
      "       ",
      "       ",
      "       ",
      "       ",
      "       ",
      "   e   ",
      "  bbe  ",
      "   c   ",
      " eb b  ",
      "  cdc  ",
      " g     ",
      "       ",
      "       ",
      "       ",
      "       ",
      "       "
    ],
    [
      "       ",
      "       ",
      "       ",
      "       ",
      "       ",
      "       ",
      "   e   ",
      "       ",
      "  ebe  ",
      "  bc   ",
      "   b   ",
      "       ",
      "       ",
      "       ",
      "       ",
      "       "
    ]
  ]
}
