{
  "type": "bonsaitrees3:sapling/byg/red_oak_sapling",
  "version": 3,
  "ref": {
    "a": {"block":"byg:red_oak_leaves","properties":{"distance":"1","persistent":"false"}},
    "b": {"block":"byg:red_oak_leaves","properties":{"distance":"2","persistent":"false"}},
    "c": {"block":"byg:red_oak_leaves","properties":{"distance":"4","persistent":"false"}},
    "d": {"block":"byg:red_oak_leaves","properties":{"distance":"3","persistent":"false"}},
    "e": {"block":"byg:red_oak_leaves","properties":{"distance":"3","persistent":"true"}},
    "f": {"block":"byg:red_oak_leaves","properties":{"distance":"2","persistent":"true"}},
    "g": {"block":"byg:red_oak_leaves","properties":{"distance":"6","persistent":"false"}},
    "h": {"block":"minecraft:oak_log","properties":{"axis":"y"}},
    "i": {"block":"byg:red_oak_leaves","properties":{"distance":"5","persistent":"false"}}
  },
  "shape": [
    [
      "              ",
      "              ",
      "    d         ",
      "     ab       ",
      "   c  d       ",
      "   i d        ",
      "              ",
      "              ",
      "              ",
      "              ",
      "              ",
      "              ",
      "              "
    ],
    [
      "              ",
      "          i   ",
      "    ba    c   ",
      "  bbahab ddd  ",
      "   dbab  c c  ",
      "    bb c      ",
      "              ",
      "              ",
      "              ",
      "              ",
      "              ",
      "              ",
      "              "
    ],
    [
      "              ",
      "     b  cci   ",
      "  bbbabd d a  ",
      " baaaha bbbbd ",
      " db aha  dbd i",
      " cdbaabd  b  g",
      "     abd      ",
      "     h        ",
      "     h        ",
      "              ",
      "              ",
      "     h        ",
      "     h        "
    ],
    [
      "     b        ",
      "   bbabdd  a  ",
      "dbaababd  ahaf",
      "bahhaabbaaaab ",
      " baaahaa babdc",
      "  b hh bbaabd ",
      "    hha ba    ",
      "    hh h      ",
      "     hhh      ",
      "     hh       ",
      "     hh       ",
      "     h        ",
      "    hh        "
    ],
    [
      "     a        ",
      " c baha bab   ",
      " dbbahabah abe",
      "dbaahhaahhhab ",
      "cdbbahhhaahabd",
      "   bahaaahhab ",
      "    aha ah b  ",
      "     a hh     ",
      "       h      ",
      "              ",
      "     h        ",
      "     h        ",
      "     h        "
    ],
    [
      "     b        ",
      "    bab       ",
      "  dd  bdba    ",
      " d bahabaahabe",
      " c  baaab abd ",
      " i dbab   h d ",
      "     a        ",
      "              ",
      "              ",
      "              ",
      "              ",
      "              ",
      "              "
    ],
    [
      "              ",
      "    dbd       ",
      "  ccdbdc    c ",
      "  cdba db a d ",
      "  icdbb ddbdc ",
      "     bd       ",
      "              ",
      "              ",
      "              ",
      "              ",
      "              ",
      "              ",
      "              "
    ],
    [
      "              ",
      "              ",
      "    c c       ",
      "     bdc      ",
      "  gicddc  dc  ",
      "   g dc    i  ",
      "              ",
      "              ",
      "              ",
      "              ",
      "              ",
      "              ",
      "              "
    ],
    [
      "              ",
      "              ",
      "      i       ",
      "     dc       ",
      "    i ci      ",
      "       g      ",
      "              ",
      "              ",
      "              ",
      "              ",
      "              ",
      "              ",
      "              "
    ]
  ]
}
