{
  "type": "bonsaitrees3:sapling/byg/redwood_sapling",
  "version": 3,
  "ref": {
    "a": {"block":"byg:redwood_log","properties":{"axis":"y"}},
    "b": {"block":"byg:redwood_leaves","properties":{"distance":"1","persistent":"false"}},
    "c": {"block":"byg:redwood_leaves","properties":{"distance":"2","persistent":"false"}}
  },
  "shape": [
    [
      "     ",
      "     ",
      "     ",
      "     ",
      "     ",
      "  b  ",
      " cbc ",
      "     ",
      "     ",
      "  b  ",
      "     ",
      "     ",
      "     ",
      "     ",
      "     ",
      "     ",
      "     ",
      "     ",
      "  a  ",
      "  a  "
    ],
    [
      "     ",
      "  b  ",
      " cbc ",
      "  b  ",
      "  b  ",
      " bab ",
      "cbabc",
      "  a  ",
      "  a  ",
      " bab ",
      "  a  ",
      "  a  ",
      "  a  ",
      "  a  ",
      "  a  ",
      "  a  ",
      "  a  ",
      " aaa ",
      " aaa ",
      " aaa "
    ],
    [
      "  b  ",
      " bab ",
      " bab ",
      " bab ",
      " bab ",
      "baaab",
      "baaab",
      " aaa ",
      " aaa ",
      "baaab",
      " aaa ",
      " aaa ",
      " aaa ",
      " aaa ",
      " aaa ",
      " aaa ",
      " aaa ",
      " aaa ",
      "aaaaa",
      "aaaaa"
    ],
    [
      "     ",
      "  b  ",
      " cbc ",
      "  b  ",
      "  b  ",
      " bab ",
      "cbabc",
      "  a  ",
      "  a  ",
      " bab ",
      "  a  ",
      "  a  ",
      "  a  ",
      "  a  ",
      "  a  ",
      "  a  ",
      "  a  ",
      " aaa ",
      " aaa ",
      " aaa "
    ],
    [
      "     ",
      "     ",
      "     ",
      "     ",
      "     ",
      "  b  ",
      " cbc ",
      "     ",
      "     ",
      "  b  ",
      "     ",
      "     ",
      "     ",
      "     ",
      "     ",
      "     ",
      "     ",
      "     ",
      "  a  ",
      "  a  "
    ]
  ]
}
