{
  "type": "bonsaitrees3:sapling/byg/shulkren_fungus",
  "version": 3,
  "ref": {
    "a": {"block":"byg:shulkren_wart_block"},
    "b": {"block":"byg:white_mushroom_stem","properties":{"down":"true","east":"true","north":"true","south":"true","up":"true","west":"true"}},
    "c": {"block":"byg:shulkren_vine_plant"},
    "d": {"block":"byg:purple_shroomlight"},
    "e": {"block":"byg:shulkren_vine","properties":{"age":"0"}},
    "f": {"block":"byg:shulkren_vine","properties":{"age":"1"}},
    "g": {"block":"byg:shulkren_vine","properties":{"age":"2"}}
  },
  "shape": [
    [
      "             ",
      "             ",
      "             ",
      "             ",
      "             ",
      "             ",
      "             ",
      "     aaa     ",
      "     aaa     ",
      "      aa     ",
      "      a      ",
      "             ",
      "             ",
      "             ",
      "             ",
      "             ",
      "             ",
      "             ",
      "             ",
      "             ",
      "             ",
      "             ",
      "             "
    ],
    [
      "             ",
      "             ",
      "             ",
      "             ",
      "             ",
      "      a      ",
      "    daaa     ",
      "   aa  daa   ",
      "   a    a    ",
      "   a         ",
      "             ",
      "             ",
      "             ",
      "             ",
      "             ",
      "             ",
      "             ",
      "             ",
      "             ",
      "             ",
      "             ",
      "             ",
      "             "
    ],
    [
      "             ",
      "             ",
      "             ",
      "             ",
      "     aaa     ",
      "     aaa     ",
      "    aaaaa    ",
      "   ad b  a   ",
      "   a     c   ",
      "         f   ",
      "             ",
      "             ",
      "             ",
      "             ",
      "             ",
      "             ",
      "             ",
      "             ",
      "             ",
      "             ",
      "             ",
      "             ",
      "             "
    ],
    [
      "             ",
      "             ",
      "      a      ",
      "     aaa     ",
      "    a a a    ",
      "   aa a aa   ",
      "   aaaaaaa   ",
      " aaa     aaa ",
      " a a   b aa  ",
      " a a   e  a  ",
      "             ",
      "             ",
      "             ",
      "             ",
      "             ",
      "             ",
      "             ",
      "             ",
      "             ",
      "             ",
      "             ",
      "             ",
      "             "
    ],
    [
      "             ",
      "     aaa     ",
      "    aaaaa    ",
      "    aa aa    ",
      "   aa   aa   ",
      "   aa   aad  ",
      "  aaaaaaaaa  ",
      " ad    b  da ",
      " a         a ",
      " a           ",
      " a           ",
      "             ",
      "             ",
      "             ",
      "             ",
      "             ",
      "             ",
      "             ",
      "             ",
      "             ",
      "             ",
      "             ",
      "             "
    ],
    [
      "      a      ",
      "    aaaaa    ",
      "   daaaaa    ",
      "   aaa aaa   ",
      "  a       a  ",
      "  a       a  ",
      " aaaaaaaaaaa ",
      "a     b    da",
      "a          da",
      "a           a",
      "            a",
      "             ",
      "      b      ",
      "             ",
      "             ",
      "             ",
      "             ",
      "             ",
      "      b      ",
      "             ",
      "             ",
      "             ",
      "             "
    ],
    [
      "     aaa     ",
      "    aaaaa    ",
      "   aaaaaaa   ",
      "   a     a   ",
      "  aa     aa  ",
      " aaa     aaa ",
      " aaaaabaaaaa ",
      "a b cb   b  a",
      "   beb      a",
      "      b     a",
      "             ",
      "      b      ",
      "             ",
      "      b      ",
      "     b       ",
      "      b      ",
      "       b     ",
      "      b      ",
      "             ",
      "      b      ",
      "             ",
      "      b      ",
      "      b      "
    ],
    [
      "      a      ",
      "    aaaaa    ",
      "    aaaaa    ",
      "   aaa aaa   ",
      "  a       a  ",
      "  a       a  ",
      " aaaaaaaaaaa ",
      "ad  b b  d  a",
      "ad      b   c",
      "a       c   c",
      "      b e   e",
      "             ",
      "             ",
      "             ",
      "             ",
      "             ",
      "             ",
      "             ",
      "             ",
      "             ",
      "      b      ",
      "             ",
      "             "
    ],
    [
      "             ",
      "     aaa     ",
      "    aaaaa    ",
      "    aa aa    ",
      "   aa   aa   ",
      "   aa   aa   ",
      "  aaaaaaaaa  ",
      " ad   db   a ",
      " a         a ",
      " a         a ",
      " a           ",
      "             ",
      "             ",
      "             ",
      "             ",
      "             ",
      "             ",
      "             ",
      "             ",
      "             ",
      "             ",
      "             ",
      "             "
    ],
    [
      "             ",
      "             ",
      "      a      ",
      "     aaa     ",
      "    a a a    ",
      "   aa a aa   ",
      "  daaaaaaa   ",
      " aaa     aaa ",
      "  aa      ca ",
      "   a      e  ",
      "             ",
      "             ",
      "             ",
      "             ",
      "             ",
      "             ",
      "             ",
      "             ",
      "             ",
      "             ",
      "             ",
      "             ",
      "             "
    ],
    [
      "             ",
      "             ",
      "             ",
      "             ",
      "     aaa     ",
      "     aaad    ",
      "    aaaaa    ",
      "   a    da   ",
      "   c     a   ",
      "   e     a   ",
      "             ",
      "             ",
      "             ",
      "             ",
      "             ",
      "             ",
      "             ",
      "             ",
      "             ",
      "             ",
      "             ",
      "             ",
      "             "
    ],
    [
      "             ",
      "             ",
      "             ",
      "             ",
      "             ",
      "      a      ",
      "     aaa     ",
      "   aad  aa   ",
      "   aa   aa   ",
      "   aa    a   ",
      "    a    a   ",
      "             ",
      "             ",
      "             ",
      "             ",
      "             ",
      "             ",
      "             ",
      "             ",
      "             ",
      "             ",
      "             ",
      "             "
    ],
    [
      "             ",
      "             ",
      "             ",
      "             ",
      "             ",
      "             ",
      "             ",
      "     aaa     ",
      "     aca     ",
      "      ca     ",
      "      g      ",
      "             ",
      "             ",
      "             ",
      "             ",
      "             ",
      "             ",
      "             ",
      "             ",
      "             ",
      "             ",
      "             ",
      "             "
    ]
  ]
}
