{
  "type": "bonsaitrees3:sapling/byg/skyris_sapling",
  "version": 3,
  "ref": {
    "a": {"block":"byg:skyris_leaves","properties":{"distance":"1","persistent":"false"}},
    "b": {"block":"byg:skyris_log","properties":{"axis":"y"}},
    "c": {"block":"byg:skyris_leaves","properties":{"distance":"2","persistent":"false"}},
    "d": {"block":"byg:skyris_leaves","properties":{"distance":"3","persistent":"false"}},
    "e": {"block":"byg:skyris_leaves","properties":{"distance":"5","persistent":"false"}},
    "f": {"block":"byg:skyris_leaves","properties":{"distance":"4","persistent":"false"}},
    "g": {"block":"byg:green_apple_skyris_leaves","properties":{"distance":"2","persistent":"false"}},
    "h": {"block":"byg:green_apple_skyris_leaves","properties":{"distance":"3","persistent":"false"}},
    "i": {"block":"byg:green_apple_skyris_leaves","properties":{"distance":"1","persistent":"false"}},
    "j": {"block":"byg:green_apple_skyris_leaves","properties":{"distance":"4","persistent":"false"}}
  },
  "shape": [
    [
      "            ",
      "            ",
      "            ",
      "    efdfe   ",
      "            ",
      "            ",
      "            ",
      "            ",
      "            ",
      "            ",
      "            ",
      "            ",
      "            "
    ],
    [
      "            ",
      "            ",
      "      d     ",
      "   efhgdfe  ",
      "            ",
      "            ",
      "            ",
      "            ",
      "            ",
      "            ",
      "            ",
      "            ",
      "            "
    ],
    [
      "            ",
      "   dcd      ",
      "     dcd    ",
      "   fdcacdf  ",
      "            ",
      "            ",
      "            ",
      "            ",
      "            ",
      "            ",
      "            ",
      "            ",
      "            "
    ],
    [
      "    g       ",
      " fdcagc     ",
      "    gcacd   ",
      "   dcibacd  ",
      "            ",
      "            ",
      "            ",
      "            ",
      "            ",
      "            ",
      "            ",
      "            ",
      "            "
    ],
    [
      "   cac      ",
      "fdcabac     ",
      "     ccd    ",
      "   hccacdd  ",
      "      b dcd ",
      "            ",
      "            ",
      "            ",
      "            ",
      "            ",
      "            ",
      "            ",
      "            "
    ],
    [
      "  dcc       ",
      "fdgaacd     ",
      "    b h     ",
      "   caccddch ",
      "       ccacd",
      "   caaba    ",
      "            ",
      "            ",
      "            ",
      "            ",
      "            ",
      "            ",
      "            "
    ],
    [
      " hcich      ",
      "dcabacd     ",
      "    b       ",
      "    bacdcac ",
      "    ba cabac",
      "  cabaaab   ",
      "    b bb    ",
      "    b b     ",
      "    b b     ",
      "            ",
      "            ",
      "            ",
      "            "
    ],
    [
      "  dch       ",
      "fdcacdf     ",
      "            ",
      "        dcd ",
      "    acddcacd",
      "  dcaacca   ",
      "            ",
      "            ",
      "     b      ",
      "     b      ",
      "     b      ",
      "     b      ",
      "     b      "
    ],
    [
      "   d        ",
      "efdcdfe     ",
      "            ",
      "            ",
      "   dcicddcd ",
      "  hcabacc   ",
      "     b      ",
      "     b      ",
      "            ",
      "            ",
      "            ",
      "            ",
      "            "
    ],
    [
      "            ",
      " ejdfe      ",
      "            ",
      "            ",
      "    dcd     ",
      "  fdcacdd   ",
      "            ",
      "            ",
      "            ",
      "            ",
      "            ",
      "            ",
      "            "
    ],
    [
      "            ",
      "            ",
      "            ",
      "            ",
      "     d      ",
      "  efdcdff   ",
      "            ",
      "            ",
      "            ",
      "            ",
      "            ",
      "            ",
      "            "
    ],
    [
      "            ",
      "            ",
      "            ",
      "            ",
      "            ",
      "   efdje    ",
      "            ",
      "            ",
      "            ",
      "            ",
      "            ",
      "            ",
      "            "
    ]
  ]
}
