{
  "type": "bonsaitrees3:sapling/byg/soul_shroom",
  "version": 3,
  "ref": {
    "a": {"block":"byg:soul_shroom_block","properties":{"down":"true","east":"true","north":"true","south":"true","up":"true","west":"true"}},
    "b": {"block":"byg:soul_shroom_stem","properties":{"down":"true","east":"true","north":"true","south":"true","up":"true","west":"true"}},
    "c": {"block":"byg:soul_shroom_spore_end","properties":{"age":"0"}},
    "d": {"block":"byg:soul_shroom_spore_end","properties":{"age":"1"}},
    "e": {"block":"byg:soul_shroom_spore"},
    "f": {"block":"byg:soul_shroom_spore_end","properties":{"age":"2"}}
  },
  "shape": [
    [
      "           ",
      "           ",
      "           ",
      "  a        ",
      "  a        ",
      " aaa       ",
      "  e        ",
      "  d        ",
      "           ",
      "           ",
      "           ",
      "           ",
      "           ",
      "           ",
      "           ",
      "           ",
      "           ",
      "           "
    ],
    [
      "           ",
      "           ",
      " aaa       ",
      " aaa       ",
      " aaa       ",
      "aaaaa   a  ",
      "e  e    a  ",
      "e  d   aaa ",
      "e          ",
      "c          ",
      "           ",
      "           ",
      "           ",
      "           ",
      "           ",
      "           ",
      "           ",
      "           "
    ],
    [
      "  a        ",
      "  a        ",
      " aaa       ",
      "aaaaa      ",
      "aaaaa  aaa ",
      "aabaa  aaa ",
      "  b e  aaa ",
      "  b e aaaaa",
      "    c      ",
      "           ",
      "           ",
      "           ",
      "           ",
      "           ",
      "           ",
      "           ",
      "           ",
      "           "
    ],
    [
      "           ",
      "           ",
      " aaa       ",
      " aaa    a  ",
      " aaa   aaa ",
      "aaaaa aaaaa",
      " e    aaaaa",
      " eb   aabaa",
      " cb     b  ",
      "           ",
      "           ",
      "           ",
      "           ",
      "           ",
      "           ",
      "           ",
      "           ",
      "           "
    ],
    [
      "           ",
      "           ",
      "           ",
      "  a        ",
      "  a    aaa ",
      " aaa   aaa ",
      "       aaa ",
      "      aaaaa",
      "   b   b   ",
      "   b   b   ",
      "   b   b   ",
      "           ",
      "           ",
      "           ",
      "           ",
      "           ",
      "           ",
      "           "
    ],
    [
      "           ",
      "           ",
      "           ",
      "           ",
      "           ",
      "        a  ",
      "        a  ",
      "       aaa ",
      "           ",
      "           ",
      "    b b    ",
      "    b b    ",
      "    b      ",
      "           ",
      "           ",
      "           ",
      "           ",
      "           "
    ],
    [
      "           ",
      "           ",
      "           ",
      "           ",
      "           ",
      "           ",
      "           ",
      "           ",
      "           ",
      "           ",
      "           ",
      "     b     ",
      "     b     ",
      "     b     ",
      "     b     ",
      "     b     ",
      "     b     ",
      "     b     "
    ],
    [
      "           ",
      "           ",
      "           ",
      "           ",
      "        a  ",
      "  a     a  ",
      "  a    aaa ",
      " aaa     e ",
      "         d ",
      "      b    ",
      "    b b    ",
      "    b b    ",
      "           ",
      "           ",
      "           ",
      "           ",
      "           ",
      "           "
    ],
    [
      "           ",
      "           ",
      "           ",
      "       aaa ",
      " aaa   aaa ",
      " aaa   aaa ",
      " aaa  aaaaa",
      "aaaaa      ",
      "       b   ",
      "   b   b   ",
      "   b       ",
      "           ",
      "           ",
      "           ",
      "           ",
      "           ",
      "           ",
      "           "
    ],
    [
      "           ",
      "        a  ",
      "        a  ",
      "  a    aaa ",
      " aaa  aaaaa",
      "aaaaa aaaaa",
      "aaaaa aabaa",
      "aabaa   b  ",
      "  b     b  ",
      "  b        ",
      "           ",
      "           ",
      "           ",
      "           ",
      "           ",
      "           ",
      "           ",
      "           "
    ],
    [
      "           ",
      "           ",
      "           ",
      "       aaa ",
      " aaa   aaa ",
      " aaa   aaa ",
      " aaa  aaaaa",
      "aaaaa      ",
      "   e       ",
      "   d       ",
      "           ",
      "           ",
      "           ",
      "           ",
      "           ",
      "           ",
      "           ",
      "           "
    ],
    [
      "           ",
      "           ",
      "           ",
      "           ",
      "        a  ",
      "  a     a  ",
      "  a    aaa ",
      " aaa       ",
      " e         ",
      " e         ",
      " f         ",
      "           ",
      "           ",
      "           ",
      "           ",
      "           ",
      "           ",
      "           "
    ]
  ]
}
