{
  "type": "bonsaitrees3:sapling/byg/willow_sapling",
  "version": 3,
  "ref": {
    "a": {"block":"byg:willow_leaves","properties":{"distance":"1","persistent":"false"}},
    "b": {"block":"byg:willow_leaves","properties":{"distance":"2","persistent":"false"}},
    "c": {"block":"byg:willow_leaves","properties":{"distance":"3","persistent":"false"}},
    "d": {"block":"byg:willow_log","properties":{"axis":"y"}},
    "e": {"block":"byg:willow_leaves","properties":{"distance":"4","persistent":"false"}},
    "f": {"block":"byg:willow_leaves","properties":{"distance":"5","persistent":"false"}}
  },
  "shape": [
    [
      "            ",
      "            ",
      "            ",
      "  cbbce     ",
      "  cbab      ",
      "  ecbc      ",
      "   ec       ",
      "   f        ",
      "            ",
      "            ",
      "            ",
      "            ",
      "            ",
      "            ",
      "            ",
      "            "
    ],
    [
      "            ",
      "            ",
      "   bbc      ",
      " cbaabcb    ",
      " bbadabb    ",
      "  c a c     ",
      "  e   e     ",
      "            ",
      "            ",
      "            ",
      "            ",
      "            ",
      "            ",
      "            ",
      "            ",
      "            "
    ],
    [
      "            ",
      "            ",
      "  babcc     ",
      "cbadabbab   ",
      "ba ad ba    ",
      "c      b    ",
      "            ",
      "            ",
      "            ",
      "            ",
      "            ",
      "            ",
      "            ",
      "            ",
      "            ",
      "            "
    ],
    [
      "            ",
      "    ce      ",
      " baabcba    ",
      "b ddabada   ",
      "adaaa  da   ",
      "b       b   ",
      "c       c   ",
      "        e   ",
      "            ",
      "            ",
      "            ",
      "            ",
      "            ",
      "            ",
      "            ",
      "            "
    ],
    [
      "            ",
      "   cbcb     ",
      " cbbabab    ",
      "cbaadadab   ",
      "bab  aa b   ",
      "c       c   ",
      "e       e   ",
      "f           ",
      "            ",
      "            ",
      "            ",
      "            ",
      "            ",
      "            ",
      "            ",
      "            "
    ],
    [
      "            ",
      "   ecc      ",
      " eccbbbc    ",
      "ecbbaaabc   ",
      "cb aaddab   ",
      "e    a  c   ",
      "            ",
      "            ",
      "            ",
      "            ",
      "            ",
      "            ",
      "            ",
      "            ",
      "      d     ",
      "      d     "
    ],
    [
      "            ",
      "    c       ",
      "  cbbbc     ",
      " cbaaabce   ",
      " baddd bc   ",
      " b   d ce   ",
      " c      f   ",
      "            ",
      "            ",
      "            ",
      "            ",
      "            ",
      "            ",
      "      d     ",
      "            ",
      "            "
    ],
    [
      "            ",
      "            ",
      "   cccccc   ",
      " cbbbbbc    ",
      " ba    c    ",
      " ad    b    ",
      "      da    ",
      "      da    ",
      "      d     ",
      "      d     ",
      "      d     ",
      "      d     ",
      "      d     ",
      "     ddd    ",
      "    d d d   ",
      "    d d d   "
    ],
    [
      "            ",
      "     ccc    ",
      "    bbbbbc  ",
      "  cbaaa ab  ",
      "  b bad ba  ",
      "  a cb   b  ",
      "  b  c   c  ",
      "            ",
      "            ",
      "            ",
      "            ",
      "            ",
      "            ",
      "      d     ",
      "            ",
      "            "
    ],
    [
      "            ",
      "    bbcbb   ",
      "  baaabaabc ",
      "  baddaddab ",
      "  c a  a da ",
      "          b ",
      "            ",
      "            ",
      "            ",
      "            ",
      "            ",
      "            ",
      "            ",
      "            ",
      "      d     ",
      "      d     "
    ],
    [
      "     cc     ",
      "   abbbbce  ",
      "  adaaaabce ",
      " cbaaaadabce",
      " e     a ab ",
      " f        c ",
      "          e ",
      "            ",
      "            ",
      "            ",
      "            ",
      "            ",
      "            ",
      "            ",
      "            ",
      "            "
    ],
    [
      "    cbb     ",
      "   bbaabcc  ",
      "  baaddabbce",
      " baddaaaaabc",
      " cba    ddab",
      "  c       bc",
      "  e       c ",
      "          e ",
      "          f ",
      "            ",
      "            ",
      "            ",
      "            ",
      "            ",
      "            ",
      "            "
    ],
    [
      "     cbb    ",
      "   ccbaabc  ",
      "  cbbaddabc ",
      " cbaabaaaabc",
      " e b     dab",
      " f        b ",
      "          c ",
      "          e ",
      "            ",
      "            ",
      "            ",
      "            ",
      "            ",
      "            ",
      "            ",
      "            "
    ],
    [
      "      b     ",
      "    cbabb   ",
      "  ecbadaabc ",
      "  cbbaaadab ",
      "  e cb  aab ",
      "          c ",
      "          e ",
      "            ",
      "            ",
      "            ",
      "            ",
      "            ",
      "            ",
      "            ",
      "            ",
      "            "
    ],
    [
      "            ",
      "     bbc    ",
      "   cbaabbc  ",
      "   badabab  ",
      "   cbab b   ",
      "   e    c   ",
      "            ",
      "            ",
      "            ",
      "            ",
      "            ",
      "            ",
      "            ",
      "            ",
      "            ",
      "            "
    ],
    [
      "            ",
      "            ",
      "    cbbcc   ",
      "     abcb   ",
      "     bcec   ",
      "     ce     ",
      "      f     ",
      "            ",
      "            ",
      "            ",
      "            ",
      "            ",
      "            ",
      "            ",
      "            ",
      "            "
    ],
    [
      "            ",
      "            ",
      "      c     ",
      "      ce    ",
      "      e     ",
      "            ",
      "            ",
      "            ",
      "            ",
      "            ",
      "            ",
      "            ",
      "            ",
      "            ",
      "            ",
      "            "
    ]
  ]
}
