{
  "type": "bonsaitrees3:sapling/byg/witch_hazel_sapling",
  "version": 3,
  "ref": {
    "a": {"block":"byg:witch_hazel_leaves","properties":{"distance":"2","persistent":"false"}},
    "b": {"block":"byg:witch_hazel_leaves","properties":{"distance":"1","persistent":"false"}},
    "c": {"block":"byg:witch_hazel_leaves","properties":{"distance":"4","persistent":"false"}},
    "d": {"block":"byg:witch_hazel_log","properties":{"axis":"y"}},
    "e": {"block":"byg:blooming_witch_hazel_leaves","properties":{"distance":"3","persistent":"false"}},
    "f": {"block":"byg:blooming_witch_hazel_leaves","properties":{"distance":"1","persistent":"false"}},
    "g": {"block":"byg:witch_hazel_leaves","properties":{"distance":"3","persistent":"false"}},
    "h": {"block":"byg:blooming_witch_hazel_leaves","properties":{"distance":"2","persistent":"false"}},
    "i": {"block":"byg:blooming_witch_hazel_leaves","properties":{"distance":"4","persistent":"false"}},
    "j": {"block":"byg:witch_hazel_leaves","properties":{"distance":"5","persistent":"false"}}
  },
  "shape": [
    [
      "            ",
      "            ",
      "    a       ",
      "   aba      ",
      "    ah  a   ",
      "     e      ",
      "     c      ",
      "     j      ",
      "            ",
      "            ",
      "            ",
      "            "
    ],
    [
      "            ",
      "            ",
      "    bag     ",
      "  abdf ga   ",
      "   abbahfa  ",
      "   ghae a   ",
      "   c        ",
      "            ",
      "            ",
      "            ",
      "            ",
      "            "
    ],
    [
      "            ",
      "   gee      ",
      "  aahagea   ",
      "  gafbaabag ",
      "  gabdfbdf  ",
      "   gabahba  ",
      "            ",
      "            ",
      "            ",
      "            ",
      "            ",
      "            "
    ],
    [
      "   gi       ",
      "  ahgecg    ",
      "  fbaagaec  ",
      " gaaababa c ",
      "  eabd dbae ",
      "  c hfhba   ",
      "     a a    ",
      "            ",
      "            ",
      "            ",
      "            ",
      "      d     "
    ],
    [
      "            ",
      " abba e     ",
      "abddfaagg   ",
      " abfbbbaaaec",
      "   hbddb ag ",
      "    hbbfhg  ",
      "      f     ",
      "      b     ",
      "            ",
      "      d     ",
      "      dd    ",
      "     ddd    "
    ],
    [
      "            ",
      "   a agc    ",
      " affbbheah  ",
      "  abddbabba ",
      "  eafdd db  ",
      "    bdddbh  ",
      "     bdb    ",
      "      d     ",
      "     ddd    ",
      "     ddd    ",
      "     ddd    ",
      "     dddd   "
    ],
    [
      "            ",
      "      g g   ",
      "   ha agaba ",
      "    bbbhbdba",
      "   eabdbbbhg",
      "   c bbba  c",
      "     a  g  j",
      "      d     ",
      "      d     ",
      "      dd    ",
      "     ddd    ",
      "    dddd    "
    ],
    [
      "            ",
      "            ",
      "    gea g ba",
      "   gaabahbdb",
      "    hbdb hba",
      "      b   a ",
      "            ",
      "            ",
      "            ",
      "            ",
      "            ",
      "     dd     "
    ],
    [
      "            ",
      "            ",
      "     hba  a ",
      "    hbdfhaba",
      "     abae a ",
      "     e g    ",
      "       c    ",
      "       j    ",
      "            ",
      "            ",
      "            ",
      "            "
    ],
    [
      "            ",
      "     a      ",
      "    hbh     ",
      "    bdba    ",
      "     bhg  g ",
      "            ",
      "            ",
      "            ",
      "            ",
      "            ",
      "            ",
      "            "
    ],
    [
      "            ",
      "            ",
      "    ga      ",
      "    hba     ",
      "     a      ",
      "            ",
      "            ",
      "            ",
      "            ",
      "            ",
      "            ",
      "            "
    ]
  ]
}
