{
  "type": "bonsaitrees3:sapling/byg/withering_oak_sapling",
  "version": 3,
  "ref": {
    "a": {"block":"byg:withering_oak_log","properties":{"axis":"y"}},
    "b": {"block":"byg:arisian_bloom_branch","properties":{"facing":"south","waterlogged":"false"}},
    "c": {"block":"byg:arisian_bloom_branch","properties":{"facing":"north","waterlogged":"false"}},
    "d": {"block":"byg:arisian_bloom_branch","properties":{"facing":"east","waterlogged":"false"}},
    "e": {"block":"byg:withering_oak_leaves","properties":{"distance":"1","persistent":"false"}},
    "f": {"block":"byg:arisian_bloom_branch","properties":{"facing":"west","waterlogged":"false"}},
    "g": {"block":"byg:withering_oak_leaves","properties":{"distance":"7","persistent":"false"}},
    "h": {"block":"byg:withering_oak_leaves","properties":{"distance":"2","persistent":"false"}},
    "i": {"block":"byg:withering_oak_leaves","properties":{"distance":"3","persistent":"false"}},
    "j": {"block":"byg:withering_oak_leaves","properties":{"distance":"4","persistent":"false"}}
  },
  "shape": [
    [
      "        ",
      "        ",
      "        ",
      "        ",
      "        ",
      "        ",
      "        ",
      "        ",
      "        ",
      "        ",
      "        ",
      "        ",
      "        ",
      "        ",
      "        ",
      "        ",
      " g      ",
      "        ",
      "        ",
      "        ",
      "        ",
      "        ",
      "        "
    ],
    [
      "        ",
      "        ",
      "        ",
      "        ",
      "        ",
      "        ",
      "        ",
      "        ",
      "        ",
      "        ",
      "        ",
      "        ",
      "        ",
      "        ",
      " g      ",
      " a      ",
      "ea      ",
      " ag     ",
      "        ",
      "        ",
      "        ",
      "        ",
      "        "
    ],
    [
      "        ",
      "        ",
      "        ",
      "        ",
      "        ",
      "        ",
      "  he    ",
      "   h    ",
      "        ",
      "   eh   ",
      "  ih    ",
      "        ",
      "  heh   ",
      "   h    ",
      "       h",
      "      g ",
      " g d    ",
      " ca  d  ",
      "  ad    ",
      "        ",
      "   d    ",
      "        ",
      "   a    "
    ],
    [
      "        ",
      "        ",
      "        ",
      "        ",
      "   e    ",
      "   eh   ",
      "  eaeh  ",
      " i  e   ",
      "  ee    ",
      "  ea    ",
      " i e    ",
      " hee    ",
      "  eae   ",
      "  he  g ",
      "     eae",
      "  d d a ",
      "  ca aab",
      "   a a  ",
      "   a    ",
      "  cab   ",
      "   a    ",
      "  aaa   ",
      "  aaa   "
    ],
    [
      "   j    ",
      "   i    ",
      "   hi   ",
      "  heh   ",
      "  eae   ",
      "  eae   ",
      " hea h  ",
      " heaae  ",
      " eaa    ",
      "  ea j  ",
      "  eae   ",
      " eaaae  ",
      "  eae   ",
      "  ea    ",
      "   ab   ",
      "  aaab  ",
      " daaa   ",
      "  aaaf  ",
      " caaab  ",
      "  aaa   ",
      " caaa   ",
      "  aaa   ",
      " aaaaa  "
    ],
    [
      "        ",
      "        ",
      "   i    ",
      "   h    ",
      "   eh   ",
      "  hehi  ",
      "  eae   ",
      " i ee   ",
      " hee j  ",
      "   e i  ",
      "  eaeh  ",
      "  eee   ",
      "   e    ",
      "   f    ",
      "        ",
      "e  f    ",
      " a a    ",
      " afab   ",
      "   a    ",
      "  faf   ",
      "  aaa   ",
      "  aaa   ",
      "  aaa   "
    ],
    [
      "        ",
      "        ",
      "        ",
      "        ",
      "        ",
      "        ",
      "  he    ",
      "  i     ",
      "        ",
      "        ",
      "   e    ",
      "        ",
      "        ",
      "g       ",
      "ae   e  ",
      "a   a   ",
      "a  cab  ",
      "        ",
      "   f    ",
      "        ",
      "  f     ",
      "   a    ",
      "   a    "
    ],
    [
      "        ",
      "        ",
      "        ",
      "        ",
      "        ",
      "        ",
      "        ",
      "        ",
      "        ",
      "        ",
      "        ",
      "        ",
      "     g  ",
      "     a  ",
      "     a  ",
      "     a  ",
      "        ",
      "        ",
      "        ",
      "        ",
      "        ",
      "        ",
      "        "
    ],
    [
      "        ",
      "        ",
      "        ",
      "        ",
      "        ",
      "        ",
      "        ",
      "        ",
      "        ",
      "        ",
      "        ",
      "        ",
      "        ",
      "        ",
      "        ",
      "     f  ",
      "        ",
      "        ",
      "        ",
      "        ",
      "        ",
      "        ",
      "        "
    ]
  ]
}
