{
  "type": "bonsaitrees3:sapling/byg/yellow_birch_sapling",
  "version": 3,
  "ref": {
    "a": {"block":"minecraft:birch_log","properties":{"axis":"y"}},
    "b": {"block":"byg:yellow_birch_leaves","properties":{"distance":"2","persistent":"false"}},
    "c": {"block":"byg:yellow_birch_leaves","properties":{"distance":"6","persistent":"false"}},
    "d": {"block":"byg:yellow_birch_leaves","properties":{"distance":"1","persistent":"false"}},
    "e": {"block":"byg:yellow_birch_leaves","properties":{"distance":"3","persistent":"false"}},
    "f": {"block":"byg:yellow_birch_leaves","properties":{"distance":"4","persistent":"false"}},
    "g": {"block":"byg:yellow_birch_leaves","properties":{"distance":"5","persistent":"false"}},
    "h": {"block":"byg:yellow_birch_leaves","properties":{"distance":"7","persistent":"false"}}
  },
  "shape": [
    [
      "          ",
      "          ",
      "          ",
      "          ",
      "          ",
      "          ",
      "          ",
      "      e   ",
      "          ",
      "          ",
      "          ",
      "          ",
      "          ",
      "          ",
      "          ",
      "          ",
      "          "
    ],
    [
      "          ",
      "          ",
      "          ",
      "          ",
      "          ",
      "      b   ",
      "     ebe  ",
      "     ebe  ",
      "     fefg ",
      "          ",
      "          ",
      "          ",
      "          ",
      "          ",
      "          ",
      "          ",
      "          "
    ],
    [
      "          ",
      "          ",
      "          ",
      "          ",
      "  c   b   ",
      " fg  bdb  ",
      "  g ebdb  ",
      "    f dbe ",
      "    e  ef ",
      "          ",
      "          ",
      "          ",
      "          ",
      "          ",
      "          ",
      "          ",
      "          "
    ],
    [
      "          ",
      "          ",
      "          ",
      "  d       ",
      " b f  d   ",
      " e ebdad  ",
      " ff bda e ",
      "    e adbe",
      "    bdd ef",
      "          ",
      "          ",
      "          ",
      "          ",
      "          ",
      "          ",
      "          ",
      "          "
    ],
    [
      "          ",
      "          ",
      "  d  gc   ",
      " dad      ",
      "bda b b   ",
      "eb b bd   ",
      " eeee dbe ",
      "    e adb ",
      "     aadbe",
      "      d   ",
      "          ",
      "          ",
      "          ",
      "          ",
      "          ",
      "          ",
      "          "
    ],
    [
      "          ",
      "     ef   ",
      "   bef c  ",
      "  ddbef   ",
      " daadb    ",
      "  ddb     ",
      " ebb dbe  ",
      "    bd be ",
      "    da  e ",
      "     adb  ",
      "     a    ",
      "          ",
      "          ",
      "          ",
      "          ",
      "          ",
      "          "
    ],
    [
      "     e    ",
      "    dbe   ",
      "   b   g  ",
      "   d  ef  ",
      " bdaddb   ",
      " eb da    ",
      "     ad   ",
      "     adb  ",
      "     ad   ",
      "     a    ",
      "     a    ",
      "     a    ",
      "     a    ",
      "     a    ",
      "     a    ",
      "     a    ",
      "     a    "
    ],
    [
      "    d     ",
      "   dad    ",
      "  bdadb   ",
      " eb a e   ",
      "  b ad    ",
      "   da d   ",
      "    aadb  ",
      "    adbe  ",
      "      b   ",
      "          ",
      "          ",
      "          ",
      "     a    ",
      "          ",
      "          ",
      "          ",
      "          "
    ],
    [
      "          ",
      "  bbdb    ",
      " bdd  e   ",
      " bdaad    ",
      "fe dd d   ",
      " feb dad  ",
      "   bdaadb ",
      "    ddd e ",
      "          ",
      "          ",
      "          ",
      "          ",
      "          ",
      "          ",
      "          ",
      "          ",
      "          "
    ],
    [
      "  bb      ",
      " bdd      ",
      " daadb    ",
      "eb ad     ",
      "f f b d   ",
      "g fe dad  ",
      " gfebdd e ",
      "    bb c  ",
      "     efgc ",
      "          ",
      "          ",
      "          ",
      "          ",
      "          ",
      "          ",
      "          ",
      "          "
    ],
    [
      "  b       ",
      " bdb      ",
      "bda b     ",
      "eb d      ",
      "feeb      ",
      " ff   db  ",
      "  gf  b f ",
      "     e  g ",
      "      gc  ",
      "          ",
      "          ",
      "          ",
      "          ",
      "          ",
      "          ",
      "          ",
      "          "
    ],
    [
      "          ",
      "  b       ",
      "  db      ",
      " ebb      ",
      "gfe       ",
      " g        ",
      "       h  ",
      "      hh  ",
      "          ",
      "          ",
      "          ",
      "          ",
      "          ",
      "          ",
      "          ",
      "          ",
      "          "
    ],
    [
      "          ",
      "          ",
      "          ",
      "  e       ",
      "          ",
      "          ",
      "          ",
      "          ",
      "          ",
      "          ",
      "          ",
      "          ",
      "          ",
      "          ",
      "          ",
      "          ",
      "          "
    ]
  ]
}
