{
  "type": "bonsaitrees3:sapling/byg/yellow_spruce_sapling",
  "version": 3,
  "ref": {
    "a": {"block":"byg:yellow_spruce_leaves","properties":{"distance":"2","persistent":"false"}},
    "b": {"block":"minecraft:spruce_log","properties":{"axis":"y"}},
    "c": {"block":"byg:yellow_spruce_leaves","properties":{"distance":"1","persistent":"false"}},
    "d": {"block":"byg:yellow_spruce_leaves","properties":{"distance":"3","persistent":"false"}},
    "e": {"block":"byg:yellow_spruce_leaves","properties":{"distance":"4","persistent":"false"}}
  },
  "shape": [
    [
      "       ",
      "       ",
      "       ",
      "       ",
      "       ",
      "       ",
      "       ",
      "       ",
      "   d   ",
      "       ",
      "       ",
      "   de  ",
      "       ",
      "       ",
      "       "
    ],
    [
      "       ",
      "       ",
      "       ",
      "       ",
      "       ",
      "   a   ",
      "       ",
      "   a   ",
      "   a   ",
      "    d  ",
      "  dad  ",
      " edade ",
      "       ",
      "       ",
      "       "
    ],
    [
      "       ",
      "       ",
      "   c   ",
      "   c   ",
      "  aca  ",
      "   c   ",
      "   c   ",
      "  aca  ",
      "  ac   ",
      "   cad ",
      " daca  ",
      " dacad ",
      "       ",
      "       ",
      "       "
    ],
    [
      "   a   ",
      "   c   ",
      "  cbc  ",
      "  cbc  ",
      " acbca ",
      "   bc  ",
      "  cb   ",
      " acbc  ",
      "dacbc  ",
      "  cbcad",
      " acbca ",
      " acbcad",
      "   bc  ",
      "   b   ",
      "   b   "
    ],
    [
      "       ",
      "       ",
      "   c   ",
      "  ac   ",
      "   c   ",
      "   ca  ",
      "   c   ",
      "  aca  ",
      "   ca  ",
      "  ac d ",
      "  acad ",
      " daca  ",
      "       ",
      "       ",
      "       "
    ],
    [
      "       ",
      "       ",
      "       ",
      "       ",
      "       ",
      "   a   ",
      "       ",
      "   a   ",
      "       ",
      "  da   ",
      "   ad  ",
      "  da   ",
      "       ",
      "       ",
      "       "
    ],
    [
      "       ",
      "       ",
      "       ",
      "       ",
      "       ",
      "       ",
      "       ",
      "       ",
      "       ",
      "       ",
      "       ",
      "   d   ",
      "       ",
      "       ",
      "       "
    ]
  ]
}
