{
  "name": "vibranium",
  "disable": false,
  "tier": 7,
  "color": "26de88",
  "armorPoints": 320,
  "enchantability": 187,
  "craftingMaterial": "tag:forge:ingots/vibranium",
  "rarity": 0,
  "capacity": 120000000,
  "usage": 2650,
  "speedVertical": 1.25,
  "accelVertical": 0.25,
  "speedSideways": 0.29,
  "speedHoverDescend": 0.80,
  "speedHover": 0.0,
  "sprintSpeedMulti": 2.8,
  "sprintFuelMulti": 4.8,
  "creative": false,
  "sprintSpeedMultiVertical": 1.0,
  "toughness": 0.0,
  "knockbackResistance": 0.0
}