{
    "type": "bonsaitrees3:sapling/allthemodium/ancient",
    "version": 3,
    "ref": {
      "a": {"block":"allthemodium:ancient_leaves","properties":{"distance":"1","persistent":"false"}},
      "b": {"block":"allthemodium:ancient_leaves","properties":{"distance":"2","persistent":"false"}},
      "c": {"block":"allthemodium:ancient_leaves","properties":{"distance":"3","persistent":"false"}},
      "d": {"block":"allthemodium:ancient_leaves","properties":{"distance":"5","persistent":"false"}},
      "e": {"block":"allthemodium:ancient_leaves","properties":{"distance":"4","persistent":"false"}},
      "f": {"block":"allthemodium:ancient_log_0","properties":{"axis":"z"}},
      "g": {"block":"allthemodium:ancient_leaves","properties":{"distance":"6","persistent":"false"}},
      "h": {"block":"allthemodium:ancient_log_0","properties":{"axis":"y"}},
      "i": {"block":"allthemodium:ancient_leaves_bottom","properties":{"distance":"7","persistent":"false"}},
      "j": {"block":"allthemodium:ancient_log_0","properties":{"axis":"x"}}
    },
    "shape": [
      [
        "         ",
        "         ",
        "         ",
        "         ",
        "    gdg  ",
        "    ded  ",
        "    ece  ",
        "         ",
        "         ",
        "         ",
        "         ",
        "         ",
        "         ",
        "         "
      ],
      [
        "         ",
        "         ",
        "         ",
        "     d   ",
        "   ddedg ",
        "   eeced ",
        "   ecbce ",
        "     a   ",
        "         ",
        "         ",
        "         ",
        "         ",
        "         ",
        "         "
      ],
      [
        "         ",
        "         ",
        "         ",
        "    ded  ",
        "   eeced ",
        "   ccbce ",
        "   cbabc ",
        "    aja  ",
        "         ",
        "         ",
        "         ",
        "         ",
        "         ",
        "         "
      ],
      [
        "         ",
        "         ",
        "  gdg    ",
        "  dede   ",
        "  ececce ",
        "   bcbce ",
        "   cbabc ",
        "     j   ",
        "         ",
        "         ",
        "         ",
        "         ",
        "         ",
        "         "
      ],
      [
        "         ",
        "   d gdg ",
        " gdedded ",
        " deceece ",
        " ecbccb  ",
        " i abcc  ",
        "    abc  ",
        "         ",
        "      j  ",
        "         ",
        "         ",
        "         ",
        "         ",
        "         "
      ],
      [
        "      d  ",
        "  deddedg",
        " deceeced",
        " ecbccbce",
        " cbabba  ",
        " bafa    ",
        " i  f    ",
        "         ",
        "      j  ",
        "         ",
        "         ",
        "         ",
        "         ",
        "         "
      ],
      [
        "     ded ",
        "   ddeced",
        " gdeecbce",
        "gdeccbabc",
        "decbbaha ",
        "ecbabah  ",
        "  aaafh  ",
        "   affh  ",
        "      h  ",
        "      h  ",
        "      h  ",
        "      h  ",
        "      h  ",
        "      h  "
      ],
      [
        "      d  ",
        "    gdedg",
        " deedeced",
        "deccecbce",
        "ecbbc a  ",
        "cbaabba  ",
        " affaaa  ",
        "  aaaaa  ",
        "    a    ",
        "     j   ",
        "         ",
        "         ",
        "         ",
        "         "
      ],
      [
        "         ",
        "     gdg ",
        "  d  ded ",
        "gdeedece ",
        "deccee   ",
        "ecbbccb  ",
        "  aabbb  ",
        "  bbabb  ",
        "   aja   ",
        "         ",
        "         ",
        "         ",
        "         ",
        "         "
      ],
      [
        "         ",
        "         ",
        "         ",
        " gdd     ",
        " deed    ",
        " ecceec  ",
        "  bbccc  ",
        "  ccbcc  ",
        "    a    ",
        "         ",
        "         ",
        "         ",
        "         ",
        "         "
      ],
      [
        "         ",
        "         ",
        "         ",
        "         ",
        "         ",
        "   edd   ",
        "   cee   ",
        "   ece   ",
        "         ",
        "         ",
        "         ",
        "         ",
        "         ",
        "         "
      ]
    ]
  }
  