{
    "output": {
      "tag": "forge:raw_materials/allthemodium"
    },
    "rarity": [
      {
        "whitelist": {
          "type": "minecraft:worldgen/biome",
          "values": [
            "minecraft:frozen_peaks",
            "minecraft:jagged_peaks",
            "minecraft:meadow",
            "minecraft:snowy_slopes",
            "minecraft:stony_peaks",
            "byg:howling_peaks"
          ]
        },
        "blacklist": {},
        "depth_min": 32,
        "depth_max": 80,
        "weight": 4
      }
    ],
    "pointer": 0,
    "catalyst": {
      "item": "industrialforegoing:laser_lens4"
    },
    "type": "industrialforegoing:laser_drill_ore"
  }