{
  "type": "bonsaitrees3:sapling",
  "sapling": {
    "item": "byg:ether_sapling"
  },
  "drops": [
    {
      "rolls": 1,
      "chance": 0.05,
      "result": {
        "item": "byg:ether_sapling"
      },
      "requiresSilkTouch": false,
      "requiresBees": false
    },
    {
      "rolls": 1,
      "chance": 0.75,
      "result": {
        "item": "byg:ether_log"
      },
      "requiresSilkTouch": false,
      "requiresBees": false
    },
    {
      "rolls": 3,
      "chance": 0.2,
      "result": {
        "item": "minecraft:stick"
      },
      "requiresSilkTouch": false,
      "requiresBees": false
    },
    {
      "rolls": 2,
      "chance": 0.18,
      "result": {
        "item": "byg:ether_leaves"
      },
      "requiresSilkTouch": true,
      "requiresBees": false
    },
    {
      "rolls": 1,
      "chance": 0.05,
      "result": {
        "item": "byg:ether_foliage"
      },
      "requiresSilkTouch": true,
      "requiresBees": false
    },
    {
      "rolls": 1,
      "chance": 0.05,
      "result": {
        "item": "byg:ether_bulbs"
      },
      "requiresSilkTouch": false,
      "requiresBees": true
    }
  ],
  "compatibleSoilTags": [
    "ether_phylium"
  ]
}