{
  "type": "bonsaitrees3:sapling",
  "sapling": {
    "item": "byg:imparius_mushroom"
  },
  "drops": [
    {
      "rolls": 3,
      "chance": 0.2,
      "result": {
        "item": "byg:imparius_mushroom"
      },
      "requiresSilkTouch": false,
      "requiresBees": false
    },
    {
      "rolls": 1,
      "chance": 0.75,
      "result": {
        "item": "byg:imparius_stem"
      },
      "requiresSilkTouch": false,
      "requiresBees": false
    },
    {
      "rolls": 2,
      "chance": 0.18,
      "result": {
        "item": "byg:imparius_mushroom_block"
      },
      "requiresSilkTouch": true,
      "requiresBees": false
    },
    {
      "rolls": 1,
      "chance": 0.05,
      "result": {
        "item": "byg:imparius_mushroom_block"
      },
      "requiresSilkTouch": false,
      "requiresBees": false
    },
    {
      "rolls": 1,
      "chance": 0.05,
      "result": {
        "item": "byg:imparius_vine"
      },
      "requiresSilkTouch": true,
      "requiresBees": false
    }
  ],
  "compatibleSoilTags": [
    "imparius_phylium"
  ]
}