{
  "type": "bonsaitrees3:sapling",
  "sapling": {
    "item": "byg:pink_cherry_sapling"
  },
  "drops": [
    {
      "rolls": 1,
      "chance": 0.05,
      "result": {
        "item": "byg:pink_cherry_sapling"
      },
      "requiresSilkTouch": false,
      "requiresBees": false
    },
    {
      "rolls": 1,
      "chance": 0.75,
      "result": {
        "item": "byg:cherry_log"
      },
      "requiresSilkTouch": false,
      "requiresBees": false
    },
    {
      "rolls": 3,
      "chance": 0.2,
      "result": {
        "item": "minecraft:stick"
      },
      "requiresSilkTouch": false,
      "requiresBees": false
    },
    {
      "rolls": 2,
      "chance": 0.18,
      "result": {
        "item": "byg:pink_cherry_leaves"
      },
      "requiresSilkTouch": false,
      "requiresBees": false
    },
    {
      "rolls": 1,
      "chance": 0.05,
      "result": {
        "item": "byg:pink_cherry_foliage"
      },
      "requiresSilkTouch": true,
      "requiresBees": false
    }
  ],
  "compatibleSoilTags": [
    "grass",
    "dirt"
  ]
}