{
  "type": "bonsaitrees3:sapling",
  "sapling": {
    "item": "byg:weeping_milkcap"
  },
  "drops": [
    {
      "rolls": 3,
      "chance": 0.2,
      "result": {
        "item": "byg:weeping_milkcap"
      },
      "requiresSilkTouch": false,
      "requiresBees": false
    },
    {
      "rolls": 1,
      "chance": 0.75,
      "result": {
        "item": "minecraft:mushroom_stem"
      },
      "requiresSilkTouch": true,
      "requiresBees": false
    },
    {
      "rolls": 2,
      "chance": 0.2,
      "result": {
        "item": "byg:weeping_milkcap_mushroom_block"
      },
      "requiresSilkTouch": true,
      "requiresBees": false
    }
  ],
  "compatibleSoilTags": [
    "mycelium"
  ]
}