{
  "type": "bonsaitrees3:sapling",
  "sapling": {
    "item": "byg:withering_oak_sapling"
  },
  "drops": [
    {
      "rolls": 1,
      "chance": 0.05,
      "result": {
        "item": "byg:withering_oak_sapling"
      },
      "requiresSilkTouch": false,
      "requiresBees": false
    },
    {
      "rolls": 1,
      "chance": 0.75,
      "result": {
        "item": "byg:withering_oak_log"
      },
      "requiresSilkTouch": false,
      "requiresBees": false
    },
    {
      "rolls": 3,
      "chance": 0.2,
      "result": {
        "item": "minecraft:stick"
      },
      "requiresSilkTouch": false,
      "requiresBees": false
    },
    {
      "rolls": 2,
      "chance": 0.18,
      "result": {
        "item": "byg:withering_oak_leaves"
      },
      "requiresSilkTouch": true,
      "requiresBees": false
    },
    {
      "rolls": 1,
      "chance": 0.05,
      "result": {
        "item": "byg:arisian_bloom_branch"
      },
      "requiresSilkTouch": true,
      "requiresBees": true
    }
  ],
  "compatibleSoilTags": [
    "netherrack",
    "overgrown_netherrack"
  ]
}