{
  "type": "bonsaitrees3:sapling",
  "sapling": {
    "item": "byg:wood_blewit"
  },
  "drops": [
    {
      "rolls": 3,
      "chance": 0.2,
      "result": {
        "item": "byg:wood_blewit"
      },
      "requiresSilkTouch": false,
      "requiresBees": false
    },
    {
      "rolls": 1,
      "chance": 0.75,
      "result": {
        "item": "byg:brown_mushroom_stem"
      },
      "requiresSilkTouch": true,
      "requiresBees": false
    },
    {
      "rolls": 2,
      "chance": 0.2,
      "result": {
        "item": "byg:wood_blewit_mushroom_block"
      },
      "requiresSilkTouch": true,
      "requiresBees": false
    }
  ],
  "compatibleSoilTags": [
    "mycelium"
  ]
}