{
  "type": "bonsaitrees3:sapling/naturesaura/ancient_sapling",
  "version": 3,
  "ref": {
    "a": {"block":"naturesaura:ancient_leaves","properties":{"distance":"2","persistent":"false"}},
    "b": {"block":"naturesaura:ancient_leaves","properties":{"distance":"3","persistent":"false"}},
    "c": {"block":"naturesaura:ancient_log","properties":{"axis":"z"}},
    "d": {"block":"naturesaura:ancient_leaves","properties":{"distance":"1","persistent":"false"}},
    "e": {"block":"naturesaura:ancient_leaves","properties":{"distance":"4","persistent":"false"}},
    "f": {"block":"naturesaura:ancient_leaves","properties":{"distance":"5","persistent":"false"}},
    "g": {"block":"naturesaura:ancient_log","properties":{"axis":"y"}},
    "h": {"block":"naturesaura:ancient_bark","properties":{"axis":"y"}},
    "i": {"block":"naturesaura:ancient_log","properties":{"axis":"x"}}
  },
  "shape": [
    [
      "            ",
      "    fef     ",
      "    ebef    ",
      "   ebabe    ",
      "   febe     ",
      "    fef     ",
      "            ",
      "            ",
      "            ",
      "            ",
      "            ",
      "            ",
      "            "
    ],
    [
      "            ",
      "   febef    ",
      "   ebabe    ",
      "   badab    ",
      "   ebabe    ",
      "    ebef    ",
      "            ",
      "            ",
      "            ",
      "            ",
      "            ",
      "            ",
      "            "
    ],
    [
      "     b      ",
      "   ebabe    ",
      "   badab    ",
      "  badidab   ",
      "   badabe   ",
      "   ebabe    ",
      "     be     ",
      "            ",
      "            ",
      "            ",
      "            ",
      "            ",
      "            "
    ],
    [
      "            ",
      "    ebef    ",
      "   ebabe    ",
      "   badab    ",
      "   adida    ",
      "   bada     ",
      "            ",
      "      be    ",
      "      a     ",
      "            ",
      "            ",
      "            ",
      "            "
    ],
    [
      "            ",
      "     e      ",
      "   febab    ",
      "   ebada    ",
      "   badid a  ",
      "    bada    ",
      "     babb   ",
      "    ebabe   ",
      "     ada    ",
      "      da    ",
      "            ",
      "            ",
      "            "
    ],
    [
      "            ",
      "            ",
      "         b  ",
      "  a  b  bab ",
      "  b     adab",
      "    adiddab ",
      "    badaa   ",
      "    badabe  ",
      "    adgda   ",
      "    adgda   ",
      "      gg    ",
      "      gg    ",
      "      gg    "
    ],
    [
      "            ",
      "            ",
      " bab    b   ",
      "bada   aadab",
      " badcd ddcd ",
      "    dcdccda ",
      "    adgddab ",
      "   badgdab  ",
      "    adggda  ",
      "    adggd   ",
      "      gg    ",
      "      gg    ",
      "      hg    "
    ],
    [
      "            ",
      "   b        ",
      "bada  b  b  ",
      " dcd ba bab ",
      " adc  d adab",
      "  a adiddab ",
      "    badaa   ",
      "    badab   ",
      "    badda   ",
      "    badd    ",
      "            ",
      "            ",
      "            "
    ],
    [
      "            ",
      "     eb     ",
      " bab babe   ",
      "badabadab   ",
      " badadid ab ",
      "     ad  b  ",
      "    ebab    ",
      "    ebabe   ",
      "    ebaa    ",
      "     baa    ",
      "            ",
      "            ",
      "            "
    ],
    [
      "            ",
      "     ebef   ",
      "    ebabe   ",
      "  a badabe  ",
      "    adida   ",
      "    badab   ",
      "      a     ",
      "      b     ",
      "      b     ",
      "            ",
      "            ",
      "            ",
      "            "
    ],
    [
      "      b     ",
      "    ebabe   ",
      "    badab   ",
      "   badidab  ",
      "   ebadabe  ",
      "    ebabe   ",
      "      b     ",
      "            ",
      "            ",
      "            ",
      "            ",
      "            ",
      "            "
    ],
    [
      "            ",
      "    febef   ",
      "    ebabe   ",
      "   ebadabe  ",
      "    ebabe   ",
      "    febef   ",
      "            ",
      "            ",
      "            ",
      "            ",
      "            ",
      "            ",
      "            "
    ],
    [
      "            ",
      "     fe     ",
      "    febef   ",
      "    ebabe   ",
      "    febef   ",
      "      e     ",
      "            ",
      "            ",
      "            ",
      "            ",
      "            ",
      "            ",
      "            "
    ],
    [
      "            ",
      "            ",
      "            ",
      "     ebe    ",
      "      e     ",
      "            ",
      "            ",
      "            ",
      "            ",
      "            ",
      "            ",
      "            ",
      "            "
    ]
  ]
}
