{
    "ModSettings": {
        "highlight_foused_items": false,
        "enable_updates_check": false,
        "first_run": false
    },
    "GuiSettings": {
        "enable_profiles_ui": false,
        "continuous_crafting_saved_value": false
    },
      "LockedSlotsSettings": {
        "locked_slots_empty_hotbar_as_semi_locked": false
    },
    "AutoRefillSettings": {
        "tool_damage_threshold": 2,
        "visual_durability_notification": false,
        "audio_durability_notification": false,
        "visual_replace_success_notification": false,
        "audio_replace_success_notification": false,
        "visual_replace_failed_notification": false,
        "audio_replace_failed_notification": false
    },
    "Hotkeys": {
        "sort_inventory": {
            "main": {
                "keys": "BUTTON_3"
            }
        }
    }
}
