{
    "structures": [
      {
        "structure": "dungeons_arise:abandoned_temple",
        "weight": 1
      },
      {
        "structure": "dungeons_arise:aviary",
        "weight": 1
      },
      {
        "structure": "dungeons_arise:bandit_towers",
        "weight": 1
      },
      {
        "structure": "dungeons_arise:bandit_village",
        "weight": 1
      },
      {
        "structure": "dungeons_arise:ceryneian_hind",
        "weight": 1
      },
      {
        "structure": "dungeons_arise:coliseum",
        "weight": 1
      },
      {
        "structure": "dungeons_arise:fishing_hut",
        "weight": 1
      },
      {
        "structure": "dungeons_arise:foundry",
        "weight": 1
      },
      {
        "structure": "dungeons_arise:giant_mushroom",
        "weight": 1
      },
      {
        "structure": "dungeons_arise:heavenly_challenger",
        "weight": 1
      },
      {
        "structure": "dungeons_arise:heavenly_conqueror",
        "weight": 1
      },
      {
        "structure": "dungeons_arise:heavenly_rider",
        "weight": 1
      },
      {
        "structure": "dungeons_arise:illager_campsite",
        "weight": 1
      },
      {
        "structure": "dungeons_arise:illager_corsair",
        "weight": 1
      },
      {
        "structure": "dungeons_arise:illager_fort",
        "weight": 1
      },
      {
        "structure": "dungeons_arise:illager_galley",
        "weight": 1
      },
      {
        "structure": "dungeons_arise:illager_windmill",
        "weight": 1
      },
      {
        "structure": "dungeons_arise:infested_temple",
        "weight": 1
      },
      {
        "structure": "dungeons_arise:jungle_tree_house",
        "weight": 1
      },
      {
        "structure": "dungeons_arise:lighthouse",
        "weight": 1
      },
      {
        "structure": "dungeons_arise:merchant_campsite",
        "weight": 1
      },
      {
        "structure": "dungeons_arise:mining_system",
        "weight": 1
      },
      {
        "structure": "dungeons_arise:monastery",
        "weight": 1
      },
      {
        "structure": "dungeons_arise:mushroom_house",
        "weight": 1
      },
      {
        "structure": "dungeons_arise:mushroom_mines",
        "weight": 1
      },
      {
        "structure": "dungeons_arise:mushroom_village",
        "weight": 1
      },
      {
        "structure": "dungeons_arise:plague_asylum",
        "weight": 1
      },
      {
        "structure": "dungeons_arise:scorched_mines",
        "weight": 1
      },
      {
        "structure": "dungeons_arise:shiraz_palace",
        "weight": 1
      },
      {
        "structure": "dungeons_arise:small_blimp",
        "weight": 1
      },
      {
        "structure": "dungeons_arise:small_prairie_house",
        "weight": 1
      },
      {
        "structure": "dungeons_arise:thornborn_towers",
        "weight": 1
      },
      {
        "structure": "dungeons_arise:typhon",
        "weight": 1
      },
      {
        "structure": "dungeons_arise:undead_pirate_ship",
        "weight": 1
      },
      {
        "structure": "dungeons_arise:wishing_well",
        "weight": 1
      }
    ],
    "placement": {
      "salt": 5558675309,
      "spacing": 30,
      "separation": 20,
      "type": "minecraft:random_spread"
    }
  }