{
    "lain.mods.cos.impl.client.gui.GuiCosArmorInventory": {
        "ignore": true
    },
    "lain.mods.cos.impl.inventory.ContainerCosArmor": {
        "ignore": true
    },
    "top.theillusivec4.curios.client.gui.CuriosScreen": {
        "ignore": true
    },
    "top.theillusivec4.curios.common.inventory.container.CuriosContainer": {
        "ignore": true
    },
    "net.minecraft.client.gui.screens.inventory.InventoryScreen": {
        "buttonHints": {
            "PROFILE_SELECTOR": {
                "bottom": 29
            },
            "SHOW_EDITOR": {
                "horizontalOffset": 28,
                "top": -5
            }
        }
    },
    "mekanism.common.registration.impl.ContainerTypeDeferredRegister$ContainerBuilder$1": {
        "ignore": true
    },
    "mekanism.common.inventory.container.tile.MekanismTileContainer": {
        "ignore": true
    },
    "net.permutated.pylons.client.gui.ExpulsionPylonScreen": {
      "ignore": true
    },
    "net.permutated.pylons.client.gui.InfusionPylonScreen": {
      "ignore": true
    },
    "net.permutated.pylons.client.gui.HarvesterPylonScreen": {
      "ignore": true
    },
    "net.permutated.pylons.client.gui.InterdictionPylonScreen": {
      "ignore": true
    }
}
